addr:city,addr:housenumber,addr:postcode,addr:street,amenity,name,note,opening_hours,wheelchair,addr:country,addr:suburb,phone,website,toilets:wheelchair,email,facebook,fax,instagram,operator,emergency,source,contact:email,contact:fax,contact:mobile,contact:phone,contact:website,wheelchair:description,check_date,check_date:opening_hours,url,description,addr:floor,level,opening_hours:url,contact:email_1,name:de,payment:cash,indoor:level,veterinary:treats:cat,note:de,contact:facebook,veterinary,veterinary:treats:bird,veterinary:treats:dog,veterinary:treats:reptile,veterinary:treats:small_mammals,contact:instagram,start_date,reservation,internet_access,payment:credit_cards,payment:debit_cards,language:en,language:ru,language:tr,dog,survey:date,opening_hours:signed,building,building:levels,fee,roof:shape,architect,architect:wikidata,heritage,heritage:operator,lda:criteria,old_name,ref:lda,wikidata,wikimedia_commons,roof:levels,historic,source:shape
Berlin,69,10961,Baerwaldstraße,veterinary,Tierarztpraxis am Urban,Städt. Kita Baerwaldstr. 69,"Mo-Sa 10:00-12:00, Mo 17:00-19:00, Tu,We,Fr 16:00-18:00, Th 17:00-19:00",no,,,,,,,,,,,,,,,,,,,,,,,,,,,,,,,,,,,,,,,,,,,,,,,,,,,,,,,,,,,,,,,,,
Berlin,67,13125,Straße 48,veterinary,Dr. med. vet. Elke Hartwig,,"Mo,Tu,Th,Fr 10:00-12:00, Mo-Fr 15:00-18:00",limited,DE,Karow,+49 30 9437820,http://www.tierarztpraxis-hartwig.de/,,,,,,,,,,,,,,,,,,,,,,,,,,,,,,,,,,,,,,,,,,,,,,,,,,,,,,,,,,,,,
Berlin,36,12207,Königsberger Straße,veterinary,Tierarztpraxis Dr. Bernhard Sörensen,,"Mo-Fr 09:00-20:00; Sa, Su 10:00-18:00",yes,DE,Lichterfelde,+49 30 7738321,https://www.tierarztpraxis-soerensen.de/,no,,,,,,,,,,,,,,,,,,,,,,,,,,,,,,,,,,,,,,,,,,,,,,,,,,,,,,,,,,,,
,,,,veterinary,Tierarztpraxis Jeanette Koepsel,,,,,,,,,,,,,,,,,,,,,,,,,,,,,,,,,,,,,,,,,,,,,,,,,,,,,,,,,,,,,,,,,,,,
Berlin,19,12621,Planitzstraße,veterinary,Kleintierarztpraxis Berlin Kaulsdorf,,"Mo-Fr 09:00-19:00 open ""tel. Terminvereinbarung erforderlich"", week 01-53/2 Sa 09:00-12:00 open ""tel. Terminvereinbarung erforderlich""; Dec 23-26 off; Dec 31-Jan 02 off; PH off",,DE,Kaulsdorf,+49 30 53018585,https://www.tierarzt-kaulsdorf.de/,,info@tierarzt-kaulsdorf.de,https://www.facebook.com/Dr.M.Kochert.und.Dr.B.Miels/,+49 30 5637506,https://www.instagram.com/tierarztpraxiskaulsdorf/,Dr. Berit Miels;Dr. Mathias Kochert,,,,,,,,,,,,,,,,,,,,,,,,,,,,,,,,,,,,,,,,,,,,,,,,,,,,,,,
,,,,veterinary,Eva Klein,,,,,,,,,,,,,,,,,,,,,,,,,,,,,,,,,,,,,,,,,,,,,,,,,,,,,,,,,,,,,,,,,,,,
Berlin,19b,14163,Oertzenweg,veterinary,Klein- und Heimtierklinik,,,yes,DE,Zehlendorf,,https://www.vetmed.fu-berlin.de/einrichtungen/kliniken/we20/index.html,,,,,,Freie Universität Berlin,yes,Geoportal Berlin / k5_2012_sw_sued.zip,,,,,,,,,,,,,,,,,,,,,,,,,,,,,,,,,,,,,,,,,,,,,,,,,,,,,
,,,,veterinary,Tierarztpraxis im Frauenviertel - Firchow,,"Mo-Fr 10:00-12:00, Mo,Tu,Th 17:00-19:00, Fr 16:00-18:00",limited,,,,,,,,,,,,,,,,,,,,,,,,,,,,,,,,,,,,,,,,,,,,,,,,,,,,,,,,,,,,,,,,,
Berlin,29,14089,Zingerleweg,veterinary,Kleintierpraxis Kladow,,,,DE,,,,,,,,,,,,info@kleintierpraxis-kladow.de,+49 30 36991083,+49 163 2386867,+49 30 3653374,http://www.kleintierpraxis-kladow.de,,,,,,,,,,,,,,,,,,,,,,,,,,,,,,,,,,,,,,,,,,,,,,,,
Berlin,97,12439,Schnellerstraße,veterinary,Carsten Schiller,,"Mo,Tu 10:00-12:00,15:00-18:00; We 15:00-18:00; Th;Fr 10:00-12:00,15:00-18:00",no,DE,Niederschöneweide,,,,,,,,,,,,,,,,"Eine Stufe, schmale Tür zum Behandlungsraum",,,,,,,,,,,,,,,,,,,,,,,,,,,,,,,,,,,,,,,,,,,,,,,
,,,,veterinary,Tierarztpraxis Dr. C. Lewandowski und Dr. S. Klug,,,no,,,,https://www.lewandowski-klug.de/,,,,,,,,,,,,,,,,,,,,,,,,,,,,,,,,,,,,,,,,,,,,,,,,,,,,,,,,,,,,,
Berlin,39,13507,Brunowstraße,veterinary,Gabriele C. Müller,,"Mo,Tu,Th,Fr 10:00-12:00,17:00-19:00, We 17:00-18:00, Sa 12:00-13:00",limited,DE,Tegel,+49304343116,https://www.tieraerztin-berlin.com/,,,,,,,,,,,,,,,,,,,,,,,,,,,,,,,,,,,,,,,,,,,,,,,,,,,,,,,,,,,,,
Berlin,68,12163,Feuerbachstraße,veterinary,Tierarztpraxis Feuerbachstraße,,Mo-Su 09:00-12:00; Mo-Fr 16:00-20:00,no,DE,Steglitz,+49 30 855 40 50,,,,,,,Dr. med. vet. A. Sillinger;Dr. med. vet. A. Bahr,,,,,,,,,,,,,,,,,,,,,,,,,,,,,,,,,,,,,,,,,,,,,,,,,,,,,,,
Berlin,55,13127,Schweizer Tal,veterinary,Tierarztpraxis Kammbach,,,yes,DE,Französisch Buchholz,+4930 47 48 12 20,https://www.tierarztpraxis-kammbach.de/,no,,,,,,,,,,,,,,,,,,,,,,,,,,,,,,,,,,,,,,,,,,,,,,,,,,,,,,,,,,,,
Berlin,4,10407,Conrad-Blenkle-Straße,veterinary,Tierarztpraxis am Velodrom,,"Mo,Th 12:00-19:00; Tu,Fr 09:00-15:00; We,Sa 09:00-12:00",limited,DE,Prenzlauer Berg,,,,,,,,,,,,,,+493042085005,http://www.tierarztpraxis-am-velodrom.de/,,2025-05-11,,,,,,,,,,,,,,,,,,,,,,,,,,,,,,,,,,,,,,,,,,,,,,
,,,,veterinary,Dipl.-vet.-med. Jörg Porada,,,,,,,,,,,,,,,,,,,,,,,,,,,,,,,,,,,,,,,,,,,,,,,,,,,,,,,,,,,,,,,,,,,,
,,,,veterinary,Tierarztpraxis,,"Mo,Tu,Th,Fr 09:30-11:00,16:30-19:00; We 17:00-20:00; Sa 10:00-12:00",yes,,,,,,,,,,,,,,,,,,,,2025-06-09,,,,,,,,,,,,,,,,,,,,,,,,,,,,,,,,,,,,,,,,,,,,,
,,,,veterinary,Bella brazil waxing studio,,,,,,,,,,,,,,,,,,,,,,,,,,,,,,,,,,,,,,,,,,,,,,,,,,,,,,,,,,,,,,,,,,,,
,,,,veterinary,DVM J. Rafael,,"Mo,We 09:00-12:00,15:00-19:00, Tu,Th 09:00-11:00,14:00-18:00, Fr 09:00-12:00, Sa 09:00-11:00",limited,,,,,,,,,,,,,,,,,,,,,,,,,,,,,,,,,,,,,,,,,,,,,,,,,,,,,,,,,,,,,,,,,
,,,,veterinary,Dr. König,,"Mo-Sa 10:00-12:00; Mo,Tu,Th,Fr 16:00-18:00",,,,,,,,,,,,,,,,,,,,,,,,,,,,,,,,,,,,,,,,,,,,,,,,,,,,,,,,,,,,,,,,,,
,,,,veterinary,,,,,,,,,,,,,,,,,,,,,,,,,,,,,,,,,,,,,,,,,,,,,,,,,,,,,,,,,,,,,,,,,,,,,
Berlin,206,12359,Buschkrugallee,veterinary,Flidais,,,,,,,https://www.flidais-vet.de,,,,,,,,,,,,,,,,,,,,,,,,,,,,,,,,,,,,,,,,,,,,,,,,,,,,,,,,,,,,,
Berlin,5,13086,Gäblerstraße,veterinary,Ullrich Mattke,,"Mo-Th 09:00-12:00,15:00-19:00; Sa 10:00-12:00; Fr 09:00-12:00,15:00-17:00",,DE,Weißensee,,,,,,,,,,Geoportal Berlin / Hauskoordinaten,,,,,,,2025-08-30,,,,,,,,,,,,,,,,,,,,,,,,,,,,,,,,,,,,,,,,,,,,,,
Berlin,75,12685,Bruno-Baum-Straße,veterinary,,,,,DE,Marzahn,,,,,,,,,,,,,,,,,,,http://www.tierarztpraxis-torres.de,,,,,,,,,,,,,,,,,,,,,,,,,,,,,,,,,,,,,,,,,,,,
Berlin,13,12347,Britzer Damm,veterinary,Tierarztpraxis O.C. Lombardi,,"Mo-Sa 10:00-12:00; Mo,Th 16:00-19:00; Tu,Fr 16:00-18:00",limited,DE,Britz,+49 30 6251547,https://www.lombardi-berlin.de/,no,,,,,,,,,,,,,,2023-04-12,,,,,,,,,,,,,,,,,,,,,,,,,,,,,,,,,,,,,,,,,,,,,,
,,,,veterinary,Naturheilpraxis Dr. Hanik,,,,,,,,,,,,,,no,,,,,,,,,,,,,,,,,,,,,,,,,,,,,,,,,,,,,,,,,,,,,,,,,,,,,,
Berlin,59,13509,Ernststraße,veterinary,Tierarztpraxis Tanja Lück,,"Mo-We 09:00-13:00,16:00-19:00; Th 15:00-20:00; Fr 09:00-13:00,16:00-19:00; PH off",,DE,Borsigwalde,+493043726783,https://www.tanja-lueck.de/,,,,,,,,,,,,,,,,,,,,,,,,,,,,,,,,,,,,,,,,,,,,,,,,,,,,,,,,,,,,,
,,,,veterinary,Tierarzt-Praxis Ralf Boxhammer,,"Mo,We 09:00-12:00; Tu,Th,Fr 14:00-17:00; Sa,Su 11:00-13:00",no,,,,,,,,,,,,,,,,,,,,,,,,,,,,,,,,,,,,,,,,,,,,,,,,,,,,,,,,,,,,,,,,,
Berlin,9,12437,Ernststraße,veterinary,Tierarztpraxis Michael Voigt,,"Mo 09:00-12:00,15:00-18:00; Tu 13:00-18:00; We 09:00-12:00; Th 09:00-12:00,15:00-18:00; Fr 13:00-18:00",,DE,Baumschulenweg,+49 30 532 9481,https://tierarzt-voigt.de/,,,,,,,,,,,,,,,,,,,,,,,,,,,,,,,,,,,,,,,,,,,,,,,,,,,,,,,,,,,,,
Berlin,151,10719,Uhlandstraße,veterinary,Tierarztpraxis Bärenwiese/ Tiernotarzt Berlin,,"Mo 08:00-20:00; Tu-Fr 10:00-20:00; Sa,Su 10:00-13:00",limited,DE,Wilmersdorf,,,,,,,,,,,,,,+49 30 23362627,https://www.tierarzt-baerenwiese.de/,,2024-07-26,,,Notrufnummer +49 174 160 160 6,,,,,,,,,,,,,,,,,,,,,,,,,,,,,,,,,,,,,,,,,,,
Berlin,3,10715,Detmolder Straße,veterinary,Tierarztpraxis am Bundesplatz,,"Mo,Tu,Th,Fr 09:00-12:00,16:00-18:00; We 09:00-11:00; Sa 10:00-12:00",,DE,Wilmersdorf,,,,,,,,,,,,,,,,,,,,,,,,,,,,,,,,,,,,,,,,,,,,,,,,,,,,,,,,,,,,,,,
Berlin,25,10999,Wiener Straße,veterinary,"Dr. Demmler, Dr. Wehming",,"Mo-Fr 10:00-12:00,16:00-19:00; Sa 10:00-12:00; Su 10:00-11:00",,DE,Kreuzberg,,,,,,,,,,Yahoo imagery,,,,,,,,,,,,,,,,,,,,,,,,,,,,,,,,,,,,,,,,,,,,,,,,,,,,,
Berlin,46,12489,Dörpfeldstraße,veterinary,Tierarzt Scheibner,,"Mo-Sa 09:00-11:00; Mo,We 16:00-18:30; Tu 18:30-20:30; Fr 16:00-18:00; PH off  || ""Nach Vereinbarung""",yes,DE,Adlershof,+49 30 677 54 03,https://www.tierarzt-adlershof.de/,,,,,,,,,,,,,,,2024-02-07,,,,1,1,,,,,,,,,,,,,,,,,,,,,,,,,,,,,,,,,,,,,,,,,
Berlin,3,14057,Riehlstraße,veterinary,Tierarztpraxis am Lietzenseepark,,"Mo-Fr 09:00-12:00 16:00-19:00, Sa 11:00-13:00, Mo-Fr 12:00-16:00 ""nur mit Voranmeldung""",,,,+49 30 3215058,https://tierarztpraxis-am-lietzenseepark.de/,,mail@tierarztpraxis-am-lietzenseepark.de,,+49 30 3216568,,Tierarztpraxis am Lietzenseepark GmbH,,,,,,,,,,2024-10-07,,,,,https://tierarztpraxis-am-lietzenseepark.de/sprechzeiten/,,,,,,,,,,,,,,,,,,,,,,,,,,,,,,,,,,,,,,,,
,,,,veterinary,Tierarztpraxis Dr. H. Brieger,,,,,,,,,,,,,,,,,,,,https://www.dr-brieger.de,,,,,,,,,,,,,,,,,,,,,,,,,,,,,,,,,,,,,,,,,,,,,,,,
,,,,veterinary,Esther Bartels,,,yes,,,,,,,,,,,,,,,,,,,,,,,,,,,,,,,,,,,,,,,,,,,,,,,,,,,,,,,,,,,,,,,,,
Berlin,43-45,12524,Bernulfstraße,veterinary,Tierarztpraxis Dr. Veit-Uwe Stuhrberg,,"Mo,Tu,Th,Fr 09:00-11:00,16:00-19:00; We 09:00-11:00; Sa 09:00-11:00",no,DE,Altglienicke,+49 30 6723384,https://www.tierarztpraxis-altglienicke.de/,,,,,,,,,,,,,,Grössere Treppe (abwärts) zum Eingang,,,,,,,,,,,,,,,,,,,,,,,,,,,,,,,,,,,,,,,,,,,,,,,
Berlin,10,12685,Krummenseer Straße,veterinary,Dr. Ulrich Bemm,,"Mo 13:00-18:00, Tu 10:00-15:00; We 10:00-15:00; Th 13:00-18:00; Fr 10:00-15:00",yes,DE,Marzahn,+49-30-54378250,,,,,,,,,,,,,,,,,,,,,,,,,,,,,,,,,,,,,,,,,,,,,,,,,,,,,,,,,,,,,,
Berlin,158,12685,Blumberger Damm,veterinary,Tierarztpraxis Vesmes,,"Mo 09:00-12:00, 16:00-20:00; Tu 09:00-12:00, 16:00-20:00; We 16:00-20:00; Th 09:00-12:00, 16:00-20:00; Fr 09:00-12:00, 16:00-20:00",yes,DE,Marzahn,+49309340440,https://www.tierarztpraxis-vesmes.de,,info@tierarztpraxis-vesmes.de,,,,Joel Vesmes,,,,,,,,,,,,,,0,,,,,,,,,,,,,,,,,,,,,,,,,,,,,,,,,,,,,,,,,
,,,,veterinary,,,,no,,,,,,,,,,,,,,,,,,,,,,,,,,,,,,,,,,,,,,,,,,,,,,,,,,,,,,,,,,,,,,,,,
,,,,veterinary,Flick,,Mo-Sa 17:00-19:00,,,,,,,,,,,,,,,,,,,,,,,,,,,,,,,,,,,,,,,,,,,,,,,,,,,,,,,,,,,,,,,,,,
,,,,veterinary,Dr. Wolfgang Hoffmann,,"Mo-Fr 10:00-12:00,15:00-18:00",no,,,,,,,,,,,,,,,,,,,,2025-03-13,,,,,,,,,,,,,,,,,,,,,,,,,,,,,,,,,,,,,,,,,,,,,
Berlin,15,13053,Sabinensteig,veterinary,Kleintierpraxis Dr. Jana Pohlenz,,,,DE,Alt-Hohenschönhausen,,http://www.kleintierpraxis-pohlenz.de,,,,,,,,,,,,,,,,,,,,,,,,,,,,,,,,,,,,,,,,,,,,,,,,,,,,,,,,,,,,,
Berlin,54,13053,Am Faulen See,veterinary,Tierarzt Dr. Niels Lösch,,,,DE,,,,,,,,,,,,,,,,,,,,,,,,,,,,,,,,,,,,,,,,,,,,,,,,,,,,,,,,,,,,,,,,
,,,,veterinary,Praxis im Märchenviertel,,"Mo 14:00-18:00, Tu,Th 09:00-12:00, We 15:00-19:00; PH off",no,,,+49 30 6574725,http://www.tierpraxis-rudelt.de/,,tierarzt@tierpraxis-rudelt.de,,,,Anette Rudelt,,,,,,,,,,,,,,,,,,,,,,,,,,,,,,,,,,,,,,,,,,,,,,,,,,,,,,,
Berlin,25,13127,Pasewalker Straße,veterinary,SmartVet Tierarztpraxis,,Mo-Fr 09:00-18:00; Sa 09:00-16:00; Su 11:00-13:00,yes,DE,Französisch Buchholz,+49 30 47469232,"https://www.smartvet.de/tierarztpraxis_berlin_pankow,3027959488.html",,,,,,,,,,,,,,,,2023-09-14,,,,,,,,,,,,,,,,,,,,,,,,,,,,,,,,,,,,,,,,,,,,,
,,,,veterinary,Tierarztpraxis Tempelhof,,,,DE,Mariendorf,,,,,,,,,,,,,,,,,,,,,,,,,,,,,,,,,,,,,,,,,,,,,,,,,,,,,,,,,,,,,,,
Berlin,30,12169,Steglitzer Damm,veterinary,Dr. med. vet. Jeanette Sagawe,,"Mo-Fr 09:00-13:00,16:00-20:00; Sa 10:00-16:00",,DE,Steglitz,+49 30 7951435,https://www.tieraerzte-steglitz.de,,info@tieraerzte-steglitz.de,,,,,,,,,,,,,,2021-07-22,,,,,,,,,,,,,,,,,,,,,,,,,,,,,,,,,,,,,,,,,,,,,
,2,,Kremnitzufer,veterinary,Bania,,,,,,+49308051172,,,,,,,,,Dakota 20,,,,,,,,,,,,,,,,,,,,,,,,,,,,,,,,,,,,,,,,,,,,,,,,,,,,,
Berlin,39,12305,Lichtenrader Damm,veterinary,Tierarztpraxis Dr. Koch,,"Mo,We,Fr 09:00-14:00; Tu,Th 15:00-20:00",no,DE,Lichtenrade,+49 30 67 03 76 57,http://www.tierarztpraxis-koch.de/,,koch@tierarztpraxis-koch.de,,+49 30 67 03 76 58,,Dr. Christian Koch,,,,,,,,,,2024-12-03,,,,,,,,,,,,,,,,,,,,,,,,,,,,,,,,,,,,,,,,,,,,,
Berlin,26,10787,Lützowufer,veterinary,Tierärzliche Praxis am Lützowufer,,,,DE,Tiergarten,,,,,,,,,,,,,,,,,,,,,,,,,,,,,,,,,,,,,,,,,,,,,,,,,,,,,,,,,,,,,,,
Berlin,63,12459,Edisonstraße,veterinary,Praxis Tierzuliebe,,"Mo,Tu,Th,Fr 10:00-18:00; Sa 10:00-14:00; Su 11:00-13:00",yes,DE,,+49 30 535 38 00,https://tierarztinberlin.de/,,,,,,Miriam Bertram,,,,,,,,,,,,,,,,,,,,,,,,,,,,,,,,,,,,,,,,,,,,,,,,,,,,,,,
Berlin,3,12159,Bahnhofstraße,veterinary,Dirk Trimpe,,"Mo-Sa 10:00-12:30, Mo,Tu,Th,Fr 17:00-19:00",no,DE,Schöneberg,+49 30 8521920,http://www.tierarztpraxis-trimpe.de/,,,,,,,,,,,,,,,,,,,,0,,,,,,,,,,,,,,,,,,,,,,,,,,,,,,,,,,,,,,,,,
Berlin,95,13407,Holländerstraße,veterinary,Tierarztpraxis Andrea Reich,,"Mo 10:00-18:00; Th,Fr 10:00-16:00; Tu 10:00-14:00; We 14:00-18:00",no,,,+49304557051,https://www.tierarztpraxis-reinickendorf.de/,,,,+49304557053,,Andrea Reich,,,,,,,,,,,,,,0,,,,,,,,,,,,,,,,,,,,,,,,,,,,,,,,,,,,,,,,,
,,,,veterinary,Tierarztpraxis,,"Mo,We,Th 09:30-13:00; Tu,Fr 15:00-19:00; Sa 09:00-11:00",,,,+49 30 40534618,,,,,,,,,,,,,,,,,,,,,,,,,,,,,,,,,,,,,,,,,,,,,,,,,,,,,,,,,,,,,,
Berlin,19,10829,Gustav-Müller-Straße,veterinary,Tierarztpraxis am Südkreuz,,"Mo-Fr 10:00-12:00, Mo,We 16:00-19:00, Tu,Th,Fr 16:00-18:00",no,DE,Schöneberg,,https://www.tierarztpraxis-am-suedkreuz.de/,,,,,,,,,,,,,,,,2024-11-08,,,,,,,,,,,,,,,,,,,,,,,,,,,,,,,,,,,,,,,,,,,,,
Berlin,45,10437,Greifenhagener Straße,veterinary,Tierarztpraxis an den Allee-Arcaden,,"Mo,Tu,Th 09:00-12:00,16:00-18:00; Fr 09:00-12:00",limited,DE,Prenzlauer Berg,,https://www.tierarztpraxis-allee-arcaden.de/,no,,,,,Anne Gamalski,,,,,,+49 30 30361381,,Mobile Rampe vorhanden; bei Bedarf klingeln,2024-11-03,2024-11-03,,,,0,,,,,,,,,,,,,,,,,,,,,,,,,,,,,,,,,,,,,,,,,
Berlin,40,10781,Eisenacher Straße,veterinary,Tierarztpraxis Dr. med. vet. Gerald Schmid,,"Mo-We,Fr 10:00-14:00; Th 15:00-18:00",yes,DE,Schöneberg,+49 30 211 17 79,http://doctor-dolittle.de,,,,,,Dr. med. vet. Gerald Schmid,,,,,,,,,,,,,,,,,,,,,,,,,,,,,,,,,,,,,,,,,,,,,,,,,,,,,,,
Berlin,3,10555,Elberfelder Straße,veterinary,Tierarzt Dr. Ferencz,,"""'Weiter Terminsprechstunde. Bitte rufen Sie an 030-3988 9278'""",no,DE,Moabit,,http://www.tierarztpraxis-moabit.de,,,,,,,,,,,,,,,2024-10-08,2024-10-08,,,,,,,,,,,,,,,,,,,,,,,,,,,,,,,,,,,,,,,,,,,,,
Berlin,40,14052,Preußenallee,veterinary,Tierarztpraxis Tierlieb,,"Mo-Fr 09:00-13:00, Mo,Tu,Th 14:00-18:00; Sa 09:30-11:00",,DE,Westend,,,,,,,,Frau Annette Oehler,,,,,,,,,,,,,,,,,,,,,,,,,,,,,,,,,,,,,,,,,,,,,,,,,,,,,,,
Berlin,20,10777,Nollendorfstraße,veterinary,Tierarztpraxis am Nollendorfplatz,,"Mo-Tu 10:00-12:00,17:00-19:00; We 17:00-19:00; Th 10:00-12:00,16:00-18:00; Fr 10:00-14:00; Sa ""by appointment""",no,DE,Schöneberg,,,no,,,,,Dr. Petra Birkefeld & Dr. Elisabeth Nolte,,,,,,+49 30 2167711,http://hund-katze-vogel.de/,,2023-07-09,,,,,,,,,,,,,,,,,,,,,,,,,,,,,,,,,,,,,,,,,,,,,,
,,,,veterinary,Tierarztpraxis Tobias Krause,,"Mo-Fr 09:30-12:00,16:30-19:00; Sa 10:00-12:00",,,,,,,,,,,,,,tierarzt@ta-krause.de,,,+49 30 91443116,http://www.ta-krause.de,,,,,,,,,info@ta-krause.de,,,,,,,,,,,,,,,,,,,,,,,,,,,,,,,,,,,,,,,
Berlin,29,10243,Warschauer Straße,veterinary,Tierheilpraxis Kreuzberg,,"Mo,We,Fr 11:00-17:00; Tu,Th 14:00-20:00",no,DE,Friedrichshain,,,,,,,,,,,,,,,,,,2025-09-02,,,,,,,,,,,,,,,,,,,,,,,,,,,,,,,,,,,,,,,,,,,,,
Berlin,7,14167,Hampsteadstraße,veterinary,Katharina Andreas,,,,DE,Zehlendorf,,,,,,,,,,,,,,,,,,,,,,,,,,,,,,,,,,,,,,,,,,,,,,,,,,,,,,,,,,,,,,,
Berlin,263,,Hönower Straße,veterinary,Tierarztpraxis am Wildrosengehölz,,"Mo-Sa 08-20, So (Notfall) 10-16",yes,,,030 99285501,https://www.tierarztpraxis-mahlsdorf.de/,,info@tierarztpraxis-mahlsdorf.de,,,,,,,,,,,,,,,,,,,,,,,,,,,,,,,,,,,,,,,,,,,,,,,,,,,,,,,,,,,
Berlin,10,12489,Weerthstraße,veterinary,Dr. med. vet. Susann Zimmer,,"Mo 10:00-12:00,16:00-18:00, Tu 10:00-12:00,16:00-19:00, We 10:00-12:00, Th 16:00-19:00, Fr 10:00-12:00,16:00-18:00; PH off",,DE,Adlershof,+49 30 67 132 67,,,,,,,,,,,,,,,,,,,,,,,,,,,,,,,,,,,,,,,,,,,,,,,,,,,,,,,,,,,,,,
Berlin,16,12207,Morgensternstraße,veterinary,Tierpraxis Dr. Gerriets,,"Mo 10:00-13:00,17:00-19:00; Tu 10:00-12:00; We 17:00-19:00; Th 10:00-12:00; Fr 10:00-12:00",,DE,Lichterfelde,+49-30-772 40 27,https://www.tierpraxis-drgerriets.de/,,,,,,,,,,,,,,,,,,Tierarzt mit Tierpension,,,,,,,,,,,,,,,,,,,,,,,,,,,,,,,,,,,,,,,,,,,
Berlin,43,13187,Florastraße,veterinary,Tierarztpraxis Dr. med. vet. Joachim Kirchner,,"Mo-Fr 14:00-18:00; Tu,Th 09:00-12:00,14:00-18:00",no,DE,Pankow,+49 30 49 50 09 49,http://www.tierarzt-in-pankow.de/,,info@tierarzt-in-pankow.de,,,,Dr. med. vet. Joachim Kirchner,,,,,,,,,,,,,,,,,,,,,,,,,,,,,,,,,,,,,,,,,,,,,,,,,,,,,,,
,,,,veterinary,Tierarztpraxis Am Westend,,"Mo,Tu,Th,Fr 10:00-13:00,17:00-19:00; We,Sa 10:00-13:00",,,,+4930 3228 247,https://www.tierarztamwestend.de/,,info@tierarztamwestend.de,,+4930 3228 324,,,,,,,,,,,,2024-03-21,,,,,,,,,,,,,,,,,,,,,,,,,,,,,,,,,,,,,,,,,,,,,
Berlin,15,10627,Sesenheimer Straße,veterinary,Tierarztpraxis Alexandra Sypitzki,,Mo-Fr 08:30+,no,DE,,+49 30 78957110,https://www.tierarztpraxis-sypitzki.de/,,,,,,,,,,,,,,,2023-04-10,,,,,0,,,,,,,,,,,,,,,,,,,,,,,,,,,,,,,,,,,,,,,,,
Berlin,6,14163,Lindenthaler Allee,veterinary,Tierarztpraxis Dr. Dorothea Werning,,"Mo, Tu, Th 10:00-13:00, 17:00-19:00; We 10:00-13:00, 17:00-20:00; Fr 10:00-17:00",,DE,,+49 30 8025009,https://www.tierarztpraxis-mexikoplatz.de/de/index.html,,,,,,Dr. Dorothea Werning,,,,,,,,,,,,,,,,,,,,,,,,,,,,,,,,,,,,,,,,,,,,,,,,,,,,,,,
,,,,veterinary,Tiergesundheitszentrum,,"Mo-Sa 10:00-12:00, Mo-Fr 15:00-19:00, Sa 10:00-12:00; PH off",yes,,,,,,,,,,,,,,,,,,,,2024-07-22,,,,,,,Tiergesundheitszentrum,,,,,,,,,,,,,,,,,,,,,,,,,,,,,,,,,,,,,,
Berlin,169-171,12277,Großbeerenstraße,veterinary,Kleintierpraxis Jan Schneider,,"Mo,We,Fr 10:00-13:00,15:00-19:00; Tu,Th 17:00-21:00; Sa-Su 11:00-14:00",no,DE,,+49 30 29032092,https://www.kleintierpraxis-schneider.com/,,,,+49 30 29032093,,,,,,,,,,,,2024-08-13,,,,,,,,,,,,,,,,,,,,,,,,,,,,,,,,,,,,,,,,,,,,,
Berlin,44,10551,Oldenburger Straße,veterinary,Tierarztpraxis Oldenburger Straße,,"Mo 10:00-12:00,15:00-18:00; Tu 10:00-14:00,18:00-20:00; We 10:00-12:00,15:00-18:00; Th 10:00-14:00,18:00-20:00; Fr 10:00-12:00,15:00-18:00; Sa 09:00-11:00",no,,,+49303951555,https://www.tierarztpraxis-oldenburger-strasse.de,,,,,,,,,,,,,,,,2025-07-03,,,,,,,,,,,,,,,,,,,,,,,,,,,,,,,,,,,,,,,,,,,,,
Berlin,1,13187,Wilhelm-Kuhr-Straße,veterinary,Tierarztpraxis am Burgerpark,,"Mo,We 14:00-19:00; Tu,Th 09:00-14:00; Fr 10:00-15:00",no,,Pankow,+49 (0)30 48479400,https://www.tierarzt-pankow.de/,,,,,,,,,,,,,,,,,,,,,,,,,,,,,,,,,,,,,,,,,,,,,,,,,,,,,,,,,,,,,
,10,13629,Wattstraße,veterinary,,,,,,,,,,,,,,,,,,,,,,,,,,,,,,,,,,,,,,,,,,,,,,,,,,,,,,,,,,,,,,,,,,,,,
Berlin,2,13086,Max-Steinke-Straße,veterinary,Tierarztpraxis,,"Mo-Fr 09:00-11:00, Mo,Tu,Th,Fr 16:00-18:00, Sa 10:00-12:00",yes,,,+49 30 9252160,,,,,,,Dr.med.vet. Cordula Nitschke,,,,,,,,,,2024-08-24,,,,,,,,,,,,,,,,,,,,,,,,,,,,,,,,,,,,,,,,,,,,,
,5,13051,Zingster Straße,veterinary,Kleintierpraxis Ralf Boxhammer,,,no,,,+49 30 9206644,http://www.ta-boxhammer.de,no,,,,,,,,,,,,,,,,,,,,,,,,,,,,,,,,,,,,,,,,,,,,,,,,,,,,,,,,,,,,
Berlin,2,10179,Fischerinsel,veterinary,Tierarztpraxis Ralf Neuer,,,,DE,Mitte,,,,,,,,,,,,,,,,,,,,,,,,,,,,,,,,,,,,,,,,,,,,,,,,,,,,,,,,,,,,,,,
Berlin,2,10779,Bayerischer Platz,veterinary,Vets for cats,,"Mo-Fr 09:00-20:00; We 09:00-14:00; Sa,Su 10:00-12:00; PH off",limited,DE,Schöneberg,,,,,,,,,,,info@vetsforcats.de,+49 30 34398878,,+49 30 34398877,https://www.vetsforcats.de/,,2024-07-24,,,Die Tierarztpraxis für Katzen,,,,,,,0,only,,,,,,,,,,,,,,,,,,,,,,,,,,,,,,,,,,,
,1,,Schönfließer Straße,veterinary,Tierarztpraxis Lenk,,"Mo-Fr 08:00-19:00, Sa 09:00-18:00, Su 10:00-18:00",no,,,+49304469769,https://tierarztpraxis-lenk.de/,,info@tierarztpraxis-lenk.de,,+493041722600,,,,,,,,,,,2025-04-21,,,,,,,,,,,,"Sprechstunde Mo-Fr 8-19, Sa 9-13;Notdienst Sa 13-18, Su/Feiertag 10-18",,,,,,,,,,,,,,,,,,,,,,,,,,,,,,,,,,
,,,,veterinary,Tierarztpraxis am Mauerpark,,Mo-Fr 09:00-19:00,limited,,,,,,,,,,,,,,,,,,,2025-03-22,,,,,,,,,,,,,,,,,,,,,,,,,,,,,,,,,,,,,,,,,,,,,,
Berlin,89,12159,Hauptstraße,veterinary,Chung & Wahle,,"Mo,Fr 09:00-18:00; Tu,Th 09:00-20:00; We,Sa 09:00-14:00",limited,DE,Schöneberg,+49 30 8593215,https://tierarztpraxis-chung-wahle.com/,,info@tierarztpraxis-chung-wahle.com,,,,Tierarztpraxis Chung und Wahle GbR,,,,,,,,,,2024-10-14,,,,0,,,,,,,,https://www.facebook.com/TierarztpraxisChungundWahle,,,,,,,,,,,,,,,,,,,,,,,,,,,,,,,,,
,,,,veterinary,Tierarztpraxis Dr. Klaus Lendner,,"Mo,Tu,Th,Fr 09:00-12:00,16:00-19:00; We,Sa 09:00-12:00",yes,,,,,,,,,,,,,,,,,,,,,,,,,,,,,,,,,,,,,,,,,,,,,,,,,,,,,,,,,,,,,,,,,
,65,,Ostpreußendamm,veterinary,Martyna Pohnke Tierarzt,,"Mo-Fr 09:00-12:00, Mo 16:00-19:00, Th 16:00-20:00",,,,+49 30 75765970,,,,,,,,,,,,,,,,2024-08-17,,,,EG,0,,,,,,,,,,,,,,,,,,,,,,,,,,,,,,,,,,,,,,,,,
Berlin,22,10589,Mindener Straße,veterinary,Dr. Miriam Oczipka,,"Mo-Fr 09:00-12:00,16:00-19:00; Sa 11:00-13:00",no,DE,,+49303441864,,,,,,,,,,,,,,,,,,,,,,,,,,,,,,,,,,,,,,,,,,,,,,,,,,,,,,,,,,,,,,
Berlin,34,12437,Baumschulenstraße,veterinary,Dr. med. vet. Sven Albrecht,,"Mo,We,Fr 09:00-12:00,15:00-19:00; Tu,Th 09:00-12:00,13:00-15:00",no,,,,,,,,,,,,,,,,,,,2025-07-06,2025-07-06,,,,,,,,,,,,,,,,,,,,,,,,,,,,,,,,,,,,,,,,,,,,,
,,,,veterinary,Dr. Wegeler,,"""nach Vereinbarung""",,,,+49 307956044,,,,,,,,,,,,,,,,,,,,,,,,,,,,,,,,,,,,,,,,,,,,,,,,,,,,,,,,,,,,,,
Berlin,3,10717,Hohenzollerndamm,veterinary,Tierarztpraxis Hohenzollerndamm 3,,"Mo-Tu,Th-Fr 10:00-12:30,17:00-19:00; We 18:00-20:00; Sa 11:00-13:00",no,DE,Wilmersdorf,,,,,,,,Dr. A. Randelhoff,,,tierarztpraxis@hohenzollerndamm-3.de,,,+49 30 88679111,https://tierarztpraxis-hohenzollerndamm-3.de/,,,2024-01-15,,,,0,,,,,,,,,,,,,,,,,,,,,,,,,,,,,,,,,,,,,,,,,
,,,,veterinary,Tierarztpraxis Anke Meeuw,,"Mo,We 09:00-19:00; Tu 07:30-14:00; Th 10:00-21:00; Fr 09:00-12:00; Sa 10:00-15:00",yes,,,+49 30 96 59 96 52,http://www.tierarzt-karlshorst.info/willkommen.html,,praxis@tierarzt-karlshorst.info,,,,,,,,,,,,,,2021-01-23,,,,,,,,,,,,,,,,,,,,,,,,,,,,,,,,,,,,,,,,,,,,,
Berlin,204,12059,Sonnenallee,veterinary,Tierarztpraxis Sonnenallee,,"Mo-Fr 09:00-12:00,16:00-20:00; Sa 11:00-13:00 || ""und nach Vereinbarung""",no,DE,Neukölln,,,,,,,,Dr. Jana Kudritzki & Daniel Kitzing,,,post@tierarztpraxis-sonnenallee.de,,,+49 30 6814455,https://tierarztpraxis-sonnenallee.de/,,2025-06-09,,,,,,,,,,,yes,,,practice,yes,yes,yes,,,,,,,,,,,,,,,,,,,,,,,,,,,,,
Berlin,58,,Bänschstraße,veterinary,Tierarztpraxis Laskawy,,"Mo,We 14:00-19:00; Tu,Th 08:00-13:00; Fr 08:00-13:00,14:00-19:00",yes,,,+49 30 4267684,http://www.laskawy-berlin.de,,,,,,,,,,,,,,,,2025-05-08,,,,,,,,,,,,,,,,,,,,,,,,,,,,,,,,,,,,,,,,,,,,,
,47,,Provinzstraße,veterinary,neko Tiergesundheit,,"Mo 15:00-18:00, Tu 10:00-13:00, We 10:00-15:00, Fr 10:00-15:00, Tu 15:00-19:00, Th 15:00-19:00",no,,,+49 30 54814390,https://www.neko-tiergesundheit.de,,,,,,Jennifer Geiseler,,,,,,,,,,,,,,,,,,,,,,,,,,,,,,,,,,,,,,,,,,,,,,,,,,,,,,,
Berlin,35A,10245,Krossener Straße,veterinary,Kleintierpraxis Dirk Oschika,,"Mo,Tu,Th 09:00-11:00,15:00-19:00",no,DE,Friedrichshain,,,,,,,,,,,,,,+49 30 2946333,http://www.doschika.de/,,,2024-04-29,,"Praxis verfügt über zwei Behandlungsräume, einen OP, ein Praxislabor, einen Röntgenraum und Möglichkeiten zur stationären Unterbringung der Patienten.",,,,,,,,,,,,,,,,,,,,,,,,,,,,,,,,,,,,,,,,,,,
Berlin,23,10589,Mierendorffstraße,veterinary,Vogelpraxis,,,limited,DE,Charlottenburg,,,,,,,,,,,info@vogelpraxis.de,+49 30 34902844,,+49 30 34902843,https://vogelpraxis.de/,,2022-11-12,,,,,,,,,,,,,,,yes,,yes,yes,,,,,,,,,,,,,,,,,,,,,,,,,,,,
Berlin,204,10405,Greifswalder Straße,veterinary,Rex Tierarztpraxis,,Mo-Fr 08:00-20:00; Sa 09:00-16:00,no,DE,Prenzlauer Berg,,,,,,,,,,,,,,,,,,,,,,,,,,,,,,,,,,,,,,,,,,,,,,,,,,,,,,,,,,,,,,,
Berlin,116,13509,Allmendeweg,veterinary,Fahrpraxis Feske,,"Mo-Fr 08:00-20:00 open ""telefonisch erreichbar""",,DE,Tegel,,,,,,,,Dr. med. vet. Dana Feske,,,,,+49 174 1950147,+49 30 40571512,https://www.tierarzt-feske.de/,,,,,mobile Tierarztpraxis,,,,,,,,,,,,,,,,,,,,,,,,,,,,,,,,,,,,,,,,,,,
Berlin,15,10435,Danziger Straße,veterinary,Tierarztpraxis Claudia Handke,,"Mo,Th,Fr 10:00-12:00, Tu,We 10:00-15:00, Mo 16:00-20:00, Th 16:00-19:00, Fr 16:00-18:00, Sa 11:00-13:00",no,DE,Prenzlauer Berg,+49 30 4421760,https://www.tierarztpraxis-prenzlauerberg.de,,post@tierarztpraxis-prenzlauerberg.de,,,,,,,,,,,,,2023-01-30,2022-01-13,,,,0,,,,,,,,,,,,,,,,,,,,,,,,,,,,,,,,,,,,,,,,,
,,,,veterinary,Dr. Angelika Block,,"Mo-Tu 10:00-12:00,16:00-18:30; We 16:00-18:30; Th-Fr 10:00-12:00,16:00-18:30; Sa 10:00-12:00",limited,,,,http://ta-block.weebly.com,,,,,,,,,,,,,,,,2024-07-29,,,,,,,,,,,,,,,,,,,,,,,,,,,,,,,,,,,,,,,,,,,,,
,,,,veterinary,Katharina Keil,,"Mo-Sa 10:00-12:00; Mo, Tu, Th, Fr 17:00-19:00",,,,+49306916165,,,,,,,,,,,,,,,,,,,,,,,,,,,,,,,,,,,,,,,,,,,,,,,,,,,,,,,,,,,,,,
,,,,veterinary,Lorenz,,,,,,,https://www.tierarzt-lichterfelde.de/,,,,,,,,,,,,,,,,,,,,,,,,,,,,,,,,,,,,,,,,,,,,,,,,,,,,,,,,,,,,,
Berlin,12,12159,Lauterstraße,veterinary,Wolf & Tiger,,,,DE,Friedenau,+49 175 7366718,https://www.wolfandtiger.de/,,,,,,MyVet GmbH,,,,,,,,,,,,,,,,,,,,,,,,,,,,https://www.instagram.com/wolfandtiger_de/,,,,,,,,,,,,,,,,,,,,,,,,,,,
Berlin,133,12043,Karl-Marx-Straße,veterinary,Tierarztpraxis Denisse Barrera,,Mo-Sa 16:00-20:00,no,DE,Neukölln,,,,,,,,,,,,,,+49 30 6812161,,,2025-01-26,,,,,,,,,,,,,,,,,,,,,,,,,,,,,,,,,,,,,,,,,,,,,,
Berlin,2,12159,Kundrystraße,veterinary,Angelika Weber,,"Mo-Sa 10:00-12:00, Tu 16:00-19:00, Su 13:00-14:00",,DE,Friedenau,,,,,,,,,,Geoportal Berlin / Hauskoordinaten,,,,,,,,,,,,,,,,,,,,,,,,,,,,,,,,,,,,,,,,,,,,,,,,,,,,,
Berlin,14,13351,Transvaalstraße,veterinary,Tierarztpraxis S. Lattermann,,"Mo,We 08:00-14:00,13:30-18:30; Tu,Th-Fr 14:00-20:00; PH closed",yes,DE,Wedding,,,,,,,,,,,,,,+49 30 45290790,http://www.tierarzt-wedding.de/,,2024-11-30,2021-11-07,,,,,,,,,,,,,,,,,,,,,,,,,,,,,,,,,,,,,,,,,,,,,
,,,,veterinary,Tierarztpraxis Otto Suhr,,Mo-Fr 09:00-19:00,no,,,,,,,,,,,,,,,,,,,,2024-03-14,,,,,,,,,,,,,,,,,,,,,,,,,,,,,,,,,,,,,,,,,,,,,
,,,,veterinary,,,,,,,,,,,,,,,,,,,,,,,,,,,,,,,,,,,,,,,,,,,,,,,,,,,,,,,,,,,,,,,,,,,,,
Berlin,12,12157,Grazer Platz,veterinary,Tierarztpraxis B. Migdal,,"Mo,We 10:00-16:00; Tu,Th 16:00-20:00; Fr 12:00-18:00",,DE,Schöneberg,,,,,,,,,,,,,,,,,,2024-06-30,,,,,,,,,,,,,,,,,,,,,,,,,,,,,,,,,,,,,,,,,,,,,
Berlin,6,12163,Florastraße,veterinary,Silke Sanft,,"Mo,Tu,Th,Fr 09:00-19:00; We,Sa 09:00-12:00",,DE,Steglitz,,http://www.tierarztpraxis-sanft.de,,,,,,,,,,,,,,,,,,,,,,,,,,,,,,,,,,,,,,,,,,,,,,,,,,,,,,,,,,,,,
Berlin,11a,12161,Südwestkorso,veterinary,Tierarztpraxis Rex,,"""Sprechzeiten nach Vereinbarung""",no,DE,Friedenau,,https://www.rex.app/,,,,,,,,,,,,,https://www.tierarztpraxis-schluesing.de/,,,,,,,,,,,,,,,,,,,,,,,,,,,,,,,,,,,,,,,,,,,,,,,,
Berlin,3,14129,Breisgauer Straße,veterinary,Tierarztpraxis am Schlachtensee,,"Mo-Th 09:00-13:00; We,Fr 14:00-18:00; Sa 10:00-14:00",,DE,Schlachtensee,,,,info@tierarztpraxis-am-schlachtensee.de,,,,Dr. Katharina Gröndahl,,,,,,+49 30 80905830,https://www.tierarztpraxis-am-schlachtensee.de,,,,,,,,,,,,,,,,,,,,,,2021-09-01,,,,,,,,,,,,,,,,,,,,,,,,,,
Berlin,1,12049,Lucy-Lameck-Straße,veterinary,Tierarztpraxis am Hermannplatz,,,,,,,,,,,,,,,,,,,,https://www.tierarztpraxis-am-hermannplatz.de,,2024-08-18,,,,,,,,,,,,,,,,,,,,,,,,,,,,,,,,,,,,,,,,,,,,,,
,,,,veterinary,Dr. L. Chelminski,,"Mo-Tu,Th-Fr,Su 08:30-11:00,15:30-17:30",no,,,+49 30 4954038,,,,,,,,,,,,,,,,,,,,,,,,,,,,,,,,,,,,,,,,,,,,,,,,,,,,,,,,,,,,,,
Berlin,68,10713,Blissestraße,veterinary,Tierarztpraxis PD Dr. med. vet. Thomas Göbel,,,,DE,Wilmersdorf,,https://www.tierarzt-goebel.de/,,,,,,,,,,,,,,,,,,,,,,,,,,,,,,,,,,,,,,,,,,,,,,,,,,,,,,,,,,,,,
Berlin,19,10713,Mansfelder Straße,veterinary,Berliner Tierarztpraxis,,,,DE,Wilmersdorf,,https://www.berliner-tierarztpraxis.de/,,,,,,Dr. med. vet. S. Heinemann;Beatrix Strathmann,,,,,,,,,,,,,,,,,,,,,,,,,,,,,,,,,,,,,,,,,,,,,,,,,,,,,,,
Berlin,6,10711,Bornimer Straße,veterinary,Naturheilkunde für Tiere,,,,DE,Halensee,,,,,,,,Petra Clausius,,,,,,,,,2024-08-23,,,,,,,,,,,,,,,,,,,,,,,,,,,,,,,,,,,,,,,,,,,,,,
Berlin,76,13439,Quickborner Straße,veterinary,Tierärztliche Gemeinschaftspraxis Blessing & Richter,,Mo-Fr 09:00-19:00; Sa 09:00-11:00; Su off,,DE,Märkisches Viertel,,,,,,,,,,,info@ta-blessing-richter.de,+49 30 40710152,,+49 30 40710151,https://ta-blessing-richter.de/,,,,,,,,,,,,,,,,,,,,,,,required,,,,,,,,,,,,,,,,,,,,,,,,,
Berlin,7,12161,Rotdornstraße,veterinary,Katharina Dralle,,,,DE,Friedenau,,,,,,,,,,,,,,+49 30 8527705,https://www.dr-dralle-berlin.de/,,,,,,,,,,,,,,,,,,,,,,,,,,,,,,,,,,,,,,,,,,,,,,,,
Berlin,11,13467,Berliner Straße,veterinary,Tierarztpraxis Matthias Müller,,"Mo-Fr 11:00-13:00, 18:00-20:00; Sa-Su11:00-13:00; PH 11:00-13:00",yes,,,+49 30 4034440,https://tierarzt-matthiasmueller.de/,,,,,,,,,,,,,,,,,,,,,,,,,,,,,,,,,,,,,,,,,,,,,,,,,,,,,,,,,,,,,
Berlin,5,10557,Bartningallee,veterinary,Tierarztpraxis Galina Schirow GmbH,,"Mo-Fr 10:00-13:00,16:00-19:00",limited,,,+49 30 39886966,https://www.vetpraxis-schirow.de/,,,,+493039746074,,,,survey,,,,,,,2024-05-14,,,,,0,,,,yes,,,,,,,,,,,,,no,yes,yes,,,,,,,,,,,,,,,,,,,,,,
Berlin,22,10825,Kufsteiner Straße,veterinary,Dr. Kurt Helmich;Dr. Dieter Oelke,,,,DE,Wilmersdorf,,https://tiermedizinzentrum.de/,,,,,,,,,,,,,,,2024-07-29,,,,,,,,,,,,,,,,,,,,,,,,,,,,,,,,,,,,,,,,,,,,,,
,,,,veterinary,Am Schlosspark,,"Mo-Fr 10:00-12:00,16:00-19:00; Sa 10:00-12:00",,,,,,,,,,,,,,,,,+49 30 475 316 93,https://tierarzt-schlosspark.de/,,,,,,,,,,,,,,,,,,,,,,,,,,,,,,,,,,,,,,,,,,,,,,,,
Berlin,3,12107,Birnhornweg,veterinary,Tierärztliche Gemeinschaftspraxis für Kleintiere,,,,DE,Mariendorf,,,,,,,,Thomas Hübner;Birte Nannen,,,,,,,,,,,,,,,,,,,,,,,,,,,,,,,,,,,,,,,,,,,,,,,,,,,,,,,
Berlin,19,10999,Liegnitzer Straße,veterinary,Tierärzte-Kreuzberg,,"Mo-Fr 10:00-24:00,16:00-20:00; PH,Sa,Su 10:00-24:00",,,,,,,,,,,,,,tierarztpraxis.liegnitzerstr@t-online.de,,,+49 30 6126474,http://www.tieraerzte-kreuzberg.de,,,,,,,,,,,,,,,,,,,,,,,,,,,,,,,,,,,,,,,,,,,,,,,,
Berlin,13,13189,Elsa-Brändström-Straße,veterinary,Tierarztpraxis Dr. Dirk Mauch,,,yes,,,+49 30 4710133,http://www.elsavet.de/,,,,,,Dr. Dirk Mauch,,,,,,,,,,,,,,,,,,,,,,,,,,,,,,,,,,,,,,,,,,,,,,,,,,,,,,,
,,,,veterinary,Tierarztpraxis am Amalienpark,,"Mo,Tu,Th 09:00-12:00,15:00-18:00; We 09:00-12:00; Fr 09:00-15:00",no,,,,https://www.tierarztpraxis-amalienpark.de/,,,,,,,,,,,,,,,2024-06-15,,,,,,,,,,,,,,,,,,,,,,,,,,,,,,,,,,,,,,,,,,,,,,
Berlin,29,12051,Altenbraker Straße,veterinary,Tierarztpraxis Sarah Watson,,"We,Fr 09:00-15:00; Sa 10:00-12:00; Mo 09:00-17:00; Tu,Th 11:00-19:00",no,DE,Neukölln,,,,,,,,,,,info@tierarzt-watson.de,,,+49 30 6257209,https://www.tierarzt-watson.de/,,2025-03-29,2025-03-29,,,,,,,,,,,,,,,,,,,,,,,,yes,yes,yes,,,,,,,,,,,,,,,,,,,
Berlin,27,10365,Fanningerstraße,veterinary,4 Pfoten,,"Mo 09:00-12:00,16:00-19:00; Tu 17:00-20:00; We 09:00-12:00; Th 09:00-12:00,16:00-19:00; Fr 09:00-12:00,14:00-16:00; Sa 10:00-12:00",,,,+49 30 553 15 72,https://www.praxis4pfoten.de/,,,,,,,,,,,,,,,,,,,,,,,,,,,,,,,,,,,,,,,,,,,,,,,,,,,,,,,,,,,,,
Berlin,44,10249,Auerstraße,veterinary,Tierarztpraxis Friedrichshain,,Mo 09:00-15:00; Tu-We 12:00-15:00; Th 10:30-15:00; Fr 09:00-15:00,,,,+49 30 78 08 34 85,https://www.tierarztpraxis-friedrichshain.de,,,,,,,,,,,,,,,,,,,,,,,,,,,,,,,,,,,,,,,,,,,,,,,,,,,,,,,,,,,,,
Berlin,47,13189,Eschengraben,veterinary,Praxis für Kleintiermedizin Janine Lenk,,"Mo,Tu,Th 13:00-19:00; We 17:00-21:00; Fr 10:00-14:00",,DE,Pankow,,,,,,,,,,,,,,+49 30 91203200,https://www.kleintiermedizin-lenk.de,,,,,,,,,,,,,,,,practice,,,,,,,,,,,,,,,,,,,,,,,,,,,,,,,,
,14,,Finowstraße,veterinary,Peter Vogel,,"Tu, We 10:00-15:00; Th 10:00-12:00; Mo, Fr 10:00-12:00, 16:00-19:00",,,,+49 30 29776835,https://www.drpetervogel.de/,,,,,,,,,,,,,,,2024-09-08,,,,,,,,,,,,,,,,,,,,,,,,,,,,leashed,,,,,,,,,,,,,,,,,,
Berlin,16,12163,Zimmermannstraße,veterinary,Dr. Karin Block,,,,DE,Steglitz,,,,,,,,,,,,,,,,,,,,,,,,,,,,,,,,,,,,,,,,,,,,,,,,,,,,,,,,,,,,,,,
Berlin,48,13088,Bizetstraße,veterinary,Tierarztpraxis im Komponistenviertel,,Mo-Sa 10:00-12:00; Mo-Tu 16:00-19:00; Th-Fr 16:00-19:00,,,,+49309273441,https://www.tierarztpraxis-peters-weissensee.de/,,,,,,Dr. med. vet Anja Peters,,,,,,,,,,,,,,,,,,,,,,,,,,,,,,,,,,,,,,,,,,,,,,,,,,,,,,,
Berlin,30,12247,Bruchwitzstraße,veterinary,Tierarztpraxis Lankwitz,,"Mo-Tu,Th-Fr 10:00-13:00,15:00-18:00; We,Sa 09:00-12:00",limited,DE,,+49 30 77208260,https://www.tierarztpraxis-lankwitz.de/,,info@tierarztpraxis-lankwitz.de,,+49 30 77208261,,,,,,,,,,,,,,,,0,,,,,,,,,,,,,,,,,,,,,,,,,,,,,,,,,,,,,,,,,
Berlin,25,12045,Weichselstraße,veterinary,Tierärztliche Praxis Beck,,"Mo-Fr 09:00-11:00,15:00-19:00",no,DE,Neukölln,,,,,,,,,,,,,,+49 30 6239664,,,2025-08-05,2025-08-05,,,,,,,,,,,,,,,,,,,,,,,,,,,,,,,,,,,,,,,,,,,,,
Berlin,38,12249,Marchandstraße,veterinary,Tierarztpraxis Marion Bickert,,"Mo-Fr 09:00-11:00,16:00-18:00; Sa 09:30-10:30",,DE,Lankwitz,,,,,,,,,,,office@tierarztpraxis-bickert.de,,,+49 30 7755462,https://www.tierarztpraxis-bickert.de,,,,,,,,,,,,,,,,,,,,,,,,,,,,,,,,,,,,,,,,,,,,,,,,
,,,,veterinary,Teresa Lankes,,"Mo,We,Fr 09:00-11:00, Mo-Fr 16:00-18:00",,,,,,,,,,,,,,,,,,,,2022-09-06,,,,,,,,,,,,,,,,,,,,,,,,,,,,,,,,,,,,,,,,,,,,,,
,,,,veterinary,Patrick O. Bolz,,"Mo-Fr 10:00-12:00,16:00-19:00; PH,Sa,Su 10:00-12:00",,,,,,,,,,,,,,,,,,,,2025-07-26,2024-02-18,,,,,,,Patrick O. Bolz,,,,,,,,,,,,,,,,,,,,,,,,,,,,,,,,,,,,,,
,,,,veterinary,Tierarztpraxis Kaulsdorf-Süd,,"Tu,Th,Sa 10:00-12:00, Mo,Tu,Th 15:00-20:00, We,Fr 15:00-19:00; PH off",,,,+49 30 5666176,https://tierarztpraxis-kaulsdorf-sued.de/,,juraske@tierarztpraxis-kaulsdorf-sued.de,,+49 30 5666508,,Friederike Juraske,,,,,,,,,,,,,,,,,,yes,,,,,,,,,,,1995,,,,yes,,,,,,,,,,,,,,,,,,,,,,
Berlin,33,10717,Gasteiner Straße,veterinary,Tierarztpraxis Gasteiner Straße,,,,DE,Wilmersdorf,,https://tierarztpraxis-gasteiner-strasse.de/,,,,,,Dr. Heike Hübner;Dr. Carolin Hallmann,,,,,,,,,2025-09-21,,,,,,,,,,,,,,,,,,,,,,,,,,,,,,,,,,,,,,,,,,,,,,
,,,,veterinary,,,,,,,,,,,,,,,,,,,,,,,,,,,,,,,,,,,,,,,,,,,,,,,,,,,,,,,,,,,,,,,,,,,,,
,,,,veterinary,Valera,,24/7,,,,,https://valera.vet/,,,,,,,,,,,,,,,,,,Tierklinik/ Tierärzte,,,,,,,,,,,,,,,,,,,,,,,,,,,,,,,,,,,,,,,,,,,
,39,,Hausvaterweg,veterinary,Tieraztpraxis am Tierheim Berlin,,"Mo-Fr 10:00-20:00; Sa,Su 10:00-17:00; PH 11:00-14:00",,,,+493093662200,https://tierarztpraxis-am-tierheim.de/,,,,,,,,,,,,,,,,,,Wir bieten die haustierärztliche Versorgung und sind Ihr Ansprechpartner in speziellen Fragestellungen. 5 Tierärzte mit verschiedenen Fachrichtungen unter einem Dach. 365 Tage im Jahr für Sie da.,,,,,,,,,,,,,,,,,,,,,,,,,,,,,,,,,,,,,,,,,,,
Berlin,76,14050,Soorstraße,veterinary,Praxis für Tierzahnheilkunde,,"""nach Vereinbarung""",,,,,https://rux.vet/,,,,,,Dr. med. vet. Helmut Rux,,,,,,,,,,,,,,,,,,,,,,,,,,,,,,,,,,,,,,,,,,,,,,,,,,,,,,,
,,,,veterinary,Tierarztpraxis Birkenstein  Dr. med. vet H. Fuhrmann und Team,,"Mo-Fr 09:30-11:00, Mo,Tu,Th,Fr 16:30-19:00, Sa 14:00-16:00",,,,,,,,,,,,,,,,,,,,,,,,,,,,,,,,,,,,,,,,,,,,,,,,,,,,,,,,,,,,,,,,,,
Berlin,57,13125,Alt-Buch,veterinary,Tierarztpraxis Alt-Buch,,"Mo,Fr 09:00-16:00; Tu-Th 09:00-12:00, Tu,Th 16:00-19:00; Sa[1] 10:00-12:00; PH off",,,,+4930 911 42 778,https://www.tierarztpraxis-alt-buch.de/,,,,,,Tierärztin Lydia Klemer,,,,,,,,,,,,,,,,,,,,,,,,,,,,,,,,,,,,,,,,,,,,,,,,,,,,,,,
,,,,veterinary,Ute Teutenberg,,"Mo-Fr 08:00-12:00,15:00-18:00; We 08:00-12:00,17:00-20:00",no,,,+49 30 37588910,,,,,,,,,,,,,,,,,,,,,,,,,,,,,,,,,,,,,,,,,,,,,2023-07-18,,,,,,,,,,,,,,,,,
,,,,veterinary,Tierarzt Bello & Co.,,,,,,,https://belloundco.de/,,,,,,,,,,,,,,,,,,,,,,,,,,,,,,,,,,,,,,,,,,,,,,,,,,,,,,,,,,,,,
,17,,Berliner Straße,veterinary,Tierarztpraxis Dr. Pollmann,,"Tu, Th 09:00-15:00; We, Fr 13:00-19:00; Sa 11:00-16:00",,,,+493081099440,https://tierarztpraxis-pollmann.de,,,,,,,,,,,,,,,,,,,,,,,,,,,,,,,,,,,,,,,,,,,,,,,,,,,,,,,,,,,,,
,74,12103,Manteuffelstraße,veterinary,Dr. Fenina + Burwieck,,,,,,+493063314227,https://meintierarzt.berlin,,,,,,,,,,,,,,,,,,,,,,,,,,,,,,,,,,,,,,,,,,,,,,,,,,,,,,,,,,,,,
,,,,veterinary,Rex,,Mo-Fr 08:00-20:00,yes,,,,https://www.rex.app/,,,,,,,,,,,,,,,,2023-11-29,,,,,,,,,,,,,,,,,,,,,,,,,,,,,no,,,,,,,,,,,,,,,,
Berlin,185,10713,Hohenzollerndamm,veterinary,Tierärztliche Gemeinschaftspraxis,,,,DE,Wilmersdorf,,https://www.tierarztpraxis-berlin.net/,,,,,,Antje Stolle-Malorny;Jens Vöster;Dr. med. vet. Iris Vöster,,,,,,,,,,,,,,,,,,,,,,,,,,,,,,,,,,,,,,,,,,,,,,,,,,,,,,,
Berlin,227,12049,Hermannstraße,veterinary,Rex Tierarztpraxis,,Mo-Sa 08:00-20:00,,,,,,,,,,,,,,,,,,,,,,,,,,,,,,,,,,,,,,,,,,,,,,,,,,,,,,,,,,,,,,,,,,
Berlin,34,12103,Burgemeisterstraße,veterinary,Kleintierkardiologie Tempelhof,,Mo-Th 08:00-18:00; PH off,yes,DE,Tempelhof,+49 30 47006869,https://www.kardiobewegt.berlin/,,,,,,Sinah Dohlen,,,,,,,,,,,,,,,,,,,,,,,,,,,,,,,,yes,yes,,,,,,,,,,,,,,,,,,,,,,
Berlin,13,13125,Zum Kappgraben,veterinary,Tierarztpraxis Kutzner,,"Mo-We,Fr 09:00-12:00,16:30-19:30; Th,Sa 09:00-12:00",,,,+49 30 94382030,https://tierarzt-kutzner.de/,,,,,,,,,,,,,,,,,,,,,,,,,,,,,,,,,,,,,,,,,,,,,,,,,,,,,,,,,,,,,
,7,,Max-Beer-Straße,veterinary,"Tierarztpraxis - Dr. med. vet. Dirk Emmelmann, Dr. med. vet. Albrecht Fengler",,"Mo, Tu, Th, Fr 09:00-12:00, 15:00-19:00; We 15:00-19:00",no,,,0302426512,,,,,,,,,,,,,,,,,,,,,,,,,,,,,,Augenheilkunde,,,,,,,,,,,,,,,,,,,,,,,,,,,,,,,,
,23,,Tietzenweg,veterinary,Tierarztpraxis & Katzenbetreuung am Botanischen Garten,,"Mo, We 10:00-19:00; Tu, Th 08:30-14:00; Sa 10:00-12:00; Fr 10:00-14:00",,,,+49 30 32294480,https://www.tierarztpraxis-botanischergarten.de,,,,,,Daniela Friedrich,,,,,,,,,2024-09-12,,,,,,,,,,,,,,,,,,,,,,,,,,,,,,,,,,,,,,,,,,,,,,
Berlin,5,12435,Krüllsstraße,veterinary,Janine Bräuer,,"Mo 10:00-12:00,13:00-16:00; Tu 16:00-19:00; We 12:00-17:00; Fr,Sa 10:00-12:00; Th,Su off",,,,,,,,,,,Janine Bräuer,,,,,,,,,,,,Praktische Tierärztin,,,,,,,,,,,,,,,,,,,,,,,,,,,,,,,,,,,,,,,,,,,
Berlin,5,12349,Schlierbacher Weg,veterinary,Tierärztezentrum Birte Nannen,,,,,,+49 30 25 92 17 88,https://www.tieraerztezentrum-nannen.de,,,,,,,,,,,,,,,,,,,,,,,,,,,,,,,,,,,,,,,,,,,,,,,,,,,,,,,,,,,,,
,,,,veterinary,Praxis für Kleine Haustiere Dr. Niels Lösch,,"Mo-We, Fr 10:00-12:00; Mo, Tu, Th 16:00-19:00; Fr 16:00-18:00; Sa 11:00-12:30",,,,+49309866411,,,,,,,,,,info@tierarzt-drloesch.de,+493098637517,,,,,,,,,,,,,,,,,,,,,,,,,,,,,,,,,,,,,,,,,,,,,,,,,,,
Berlin,52a,13353,Brüsseler Straße,veterinary,Dr. Pastor,,"Mo-Fr 09:00-11:00,16:00-19:00; Sa,Su 14:00-16:00",,,,,https://www.tierarztpraxis-pastor.de/,,,,,,,,,,,,,,,,,,,,,,,,,,,,,,,,,,,,,,,,,,,,,,,,,,,,,,,,,,,,,
,,,,veterinary,Sonnenberg,,,,,,,,,,,,,,,,,,,,,,,,,,,,,,,,,,,,,,,,,,,,,,,,,,,,,,,,,,,,,,,,,,,,
,4,10405,Rykestraße,veterinary,Tierarztpraxis am Wasserturm,,,,,,,https://www.tierarztpraxis-wasserturm.de/,,,,,,,,,,,,,,,,,,,,,,,,,,,,,,,,,,,,,,,,,,,,,,,,,,,,,,,,,,,,,
Berlin,136,13405,Scharnweberstraße,veterinary,Das Veterinärmedizinische Zentrum Berlin,,24/7,,DE,,0049304127357,https://www.vetzentrum-berlin.de/,,info@vetzentrum-berlin.de,,,,Kai S. Rödiger,,,,,,,,,2025-01-23,,,,,,,,,,,,,,,,,,,,,,,,,,,,,,,yes,1,yes,flat,,,,,,,,,,,,
Berlin,37,13407,Alt-Reinickendorf,veterinary,Zete Marton,,"Mo-Fr 09:00-12:00, Mo,Th 16:00-19:00, Tu,We,Fr 15:00-18:00",no,DE,Reinickendorf,,,,,,,,,,,,,,,,,,,,,,,,,,,,,,,,,,,,,1874,,,,,,,,,,,yes,,,,W. Helmsdorff,Q110768840,4,lda,Baudenkmal,Bauernhof Großkopf,09011742,Q15107420,Category:Bauernhof Großkopf,,,
Berlin,258,12679,Märkische Allee,veterinary,Tierärztlichen Klinik für Kleintiere,,24/7,yes,DE,Marzahn,,https://www.tierklinik-in-berlin.de/,,,,,,,,,,,,,,,,,,,,,,,,,,,,,,,,,,,,,,,,,,,,,,commercial,3,,flat,,,,,,,,,,0,,
Berlin,90,10318,Robert-Siewert-Straße,veterinary,Tierarztpraxis Kathrin Böhm,,"Th 10:00-18:00; Tu,We 10:00-19:00; Fr 10:00-15:00; Sa 10:00-15:00; Mo 10:00-17:00",limited,DE,Karlshorst,+49 30 32669736,,,,,,,Kathrin Böhm,,,,,,,,,,2024-04-30,,,,,,,,,,,,,,,,,,,,,,,,,,,,,,commercial,1,,flat,,,,,,,,,,,,
Berlin,21,14193,Winkler Straße,veterinary,Tierartzpraxis Gotthardt,,,,DE,Grunewald,,,,,,,,,,,,,,,,,2023-07-30,,,,,,,,,,,,,,,,,,,,,,,,,,,,,,,yes,,,,,,,,,,,Q76599062,,,,
Berlin,22,12683,Alt-Biesdorf,veterinary,Tierklinik Berlin-Biesdorf,,"Mo-Fr 08:00-13:00,15:00-20:00; Sa 09:00-12:00",no,DE,Biesdorf,+49 30 5143760,https://www.tierklinik-in-biesdorf.de/,,,,,,,yes,Geoportal Berlin / Hauskoordinaten,,,,,,,,,,,,,,,,,,,,,,,,,,,,,,,,,,,,,,yes,,,,,,yes,,,,,,,,building,
Berlin,26E,13591,Südekumzeile,veterinary,Tierarztpraxis Dr. Christine Mueller,,,,DE,Staaken,,,,,,,,,,,christinemueller.berlin@web.de,,,+49 30 366 0128,http://tierarztpraxis-spandau.de/,,,,,,,,,,,,,,,,,,,,,,,,,,,,,,,,,commercial,,,,,,,,,,,,,,,Geoportal Berlin / Hausumringe
