clinic_id,clinic_name,street,house_number,postcode,city,district_id,neighbourhood_id,phone_number,website,email,opening_hours,operator,wheelchair_acces,full_address,latitude,longitude,amenity,emergency,opening_hours_valid,brand,footprint,source,speciality
268917040,Tierarztpraxis am Urban,Baerwaldstraße,69,10961.0,Berlin,,,,,,"Mo-Sa 10:00-12:00, Mo 17:00-19:00, Tu,We,Fr 16:00-18:00, Th 17:00-19:00",,no,"Baerwaldstraße, 69, 10961, Berlin",52.4956842,13.4052329,veterinary,,,,,,
299795048,Dr. med. vet. Elke Hartwig,Straße 48,67,13125.0,Berlin,,,49309437820.0,http://www.tierarztpraxis-hartwig.de/,,"Mo,Tu,Th,Fr 10:00-12:00, Mo-Fr 15:00-18:00",,limited,"Straße 48, 67, 13125, Berlin",52.6062863,13.4795548,veterinary,,,,,,
347294456,Tierarztpraxis Dr. Bernhard Sörensen,Königsberger Straße,36,12207.0,Berlin,,,49307738321.0,https://www.tierarztpraxis-soerensen.de/,,"Mo-Fr 09:00-20:00; Sa, Su 10:00-18:00",,yes,"Königsberger Straße, 36, 12207, Berlin",52.4297216,13.3201326,veterinary,,,,,,
394867279,Tierarztpraxis Jeanette Koepsel,,,,,,,,,,,,,,52.5351995,13.2705734,veterinary,,,,,,
411550894,Kleintierarztpraxis Berlin Kaulsdorf,Planitzstraße,19,12621.0,Berlin,,,493053018585.0,https://www.tierarzt-kaulsdorf.de/,info@tierarzt-kaulsdorf.de,"Mo-Fr 09:00-19:00 open ""tel. Terminvereinbarung erforderlich"", week 01-53/2 Sa 09:00-12:00 open ""tel. Terminvereinbarung erforderlich""; Dec 23-26 off; Dec 31-Jan 02 off; PH off",Dr. Berit Miels;Dr. Mathias Kochert,,"Planitzstraße, 19, 12621, Berlin",52.5095114,13.5896353,veterinary,,,,,,
581887970,Eva Klein,,,,,,,,,,,,,,52.4288173,13.1935291,veterinary,,,,,,
603392630,Klein- und Heimtierklinik,Oertzenweg,19b,14163.0,Berlin,,,,https://www.vetmed.fu-berlin.de/einrichtungen/kliniken/we20/index.html,,,Freie Universität Berlin,yes,"Oertzenweg, 19b, 14163, Berlin",52.4302981,13.2373596,veterinary,,,,,,
702363921,Tierarztpraxis im Frauenviertel - Firchow,,,,,,,,,,"Mo-Fr 10:00-12:00, Mo,Tu,Th 17:00-19:00, Fr 16:00-18:00",,limited,,52.4042597,13.5071658,veterinary,,,,,,
703135335,Kleintierpraxis Kladow,Zingerleweg,29,14089.0,Berlin,,,49303653374.0,http://www.kleintierpraxis-kladow.de,info@kleintierpraxis-kladow.de,,,,"Zingerleweg, 29, 14089, Berlin",52.4608878,13.121554,veterinary,,,,,,
978560965,Carsten Schiller,Schnellerstraße,97,12439.0,Berlin,,,,,,"Mo,Tu 10:00-12:00,15:00-18:00; We 15:00-18:00; Th;Fr 10:00-12:00,15:00-18:00",,no,"Schnellerstraße, 97, 12439, Berlin",52.4531078,13.5245669,veterinary,,,,,,
1003123264,Tierarztpraxis Dr. C. Lewandowski und Dr. S. Klug,,,,,,,,https://www.lewandowski-klug.de/,,,,no,,52.4232758,13.4367554,veterinary,,,,,,
1069431810,Gabriele C. Müller,Brunowstraße,39,13507.0,Berlin,,,49304343116.0,https://www.tieraerztin-berlin.com/,,"Mo,Tu,Th,Fr 10:00-12:00,17:00-19:00, We 17:00-18:00, Sa 12:00-13:00",,limited,"Brunowstraße, 39, 13507, Berlin",52.5870846,13.2811455,veterinary,,,,,,
1139485719,Tierarztpraxis Feuerbachstraße,Feuerbachstraße,68,12163.0,Berlin,,,49308554050.0,,,Mo-Su 09:00-12:00; Mo-Fr 16:00-20:00,Dr. Med. Vet. A. Sillinger;Dr. Med. Vet. A. Bahr,no,"Feuerbachstraße, 68, 12163, Berlin",52.464411,13.3395319,veterinary,,,,,,
1158920335,Tierarztpraxis Kammbach,Schweizer Tal,55,13127.0,Berlin,,,493047481220.0,https://www.tierarztpraxis-kammbach.de/,,,,yes,"Schweizer Tal, 55, 13127, Berlin",52.6074605,13.41982,veterinary,,,,,,
1169112227,Tierarztpraxis am Velodrom,Conrad-Blenkle-Straße,4,10407.0,Berlin,,,493042085005.0,http://www.tierarztpraxis-am-velodrom.de/,,"Mo,Th 12:00-19:00; Tu,Fr 09:00-15:00; We,Sa 09:00-12:00",,limited,"Conrad-Blenkle-Straße, 4, 10407, Berlin",52.5281462,13.4501959,veterinary,,,,,,
1244610778,Dipl.-vet.-med. Jörg Porada,,,,,,,,,,,,,,52.5121271,13.4195273,veterinary,,,,,,
1247761224,Tierarztpraxis,,,,,,,,,,"Mo,Tu,Th,Fr 09:30-11:00,16:30-19:00; We 17:00-20:00; Sa 10:00-12:00",,yes,,52.5290099,13.4684992,veterinary,,,,,,
1309566310,Bella brazil waxing studio,,,,,,,,,,,,,,52.5958722,13.3349653,veterinary,,,,,,
1352697273,DVM J. Rafael,,,,,,,,,,"Mo,We 09:00-12:00,15:00-19:00, Tu,Th 09:00-11:00,14:00-18:00, Fr 09:00-12:00, Sa 09:00-11:00",,limited,,52.5525185,13.4154857,veterinary,,,,,,
1387989062,Dr. König,,,,,,,,,,"Mo-Sa 10:00-12:00; Mo,Tu,Th,Fr 16:00-18:00",,,,52.4789793,13.2848224,veterinary,,,,,,
1444862410,Flidais,Buschkrugallee,206,12359.0,Berlin,,,,https://www.flidais-vet.de,,,,,"Buschkrugallee, 206, 12359, Berlin",52.4463278,13.4543051,veterinary,,,,,,
1464419364,Ullrich Mattke,Gäblerstraße,5,13086.0,Berlin,,,,,,"Mo-Th 09:00-12:00,15:00-19:00; Sa 10:00-12:00; Fr 09:00-12:00,15:00-17:00",,,"Gäblerstraße, 5, 13086, Berlin",52.5536467,13.4483752,veterinary,,,,,,
1504191018,Tierarztpraxis O.C. Lombardi,Britzer Damm,13,12347.0,Berlin,,,49306251547.0,https://www.lombardi-berlin.de/,,"Mo-Sa 10:00-12:00; Mo,Th 16:00-19:00; Tu,Fr 16:00-18:00",,limited,"Britzer Damm, 13, 12347, Berlin",52.4617945,13.4350014,veterinary,,,,,,
1607627062,Naturheilpraxis Dr. Hanik,,,,,,,,,,,,,,52.5303117,13.1363236,veterinary,,,,,,
1766858344,Tierarztpraxis Tanja Lück,Ernststraße,59,13509.0,Berlin,,,493043726783.0,https://www.tanja-lueck.de/,,"Mo-We 09:00-13:00,16:00-19:00; Th 15:00-20:00; Fr 09:00-13:00,16:00-19:00; PH off",,,"Ernststraße, 59, 13509, Berlin",52.5838893,13.3006927,veterinary,,,,,,
1791397445,Tierarzt-Praxis Ralf Boxhammer,,,,,,,,,,"Mo,We 09:00-12:00; Tu,Th,Fr 14:00-17:00; Sa,Su 11:00-13:00",,no,,52.4544641,13.5780156,veterinary,,,,,,
1832317052,Tierarztpraxis Michael Voigt,Ernststraße,9,12437.0,Berlin,,,49305329481.0,https://tierarzt-voigt.de/,,"Mo 09:00-12:00,15:00-18:00; Tu 13:00-18:00; We 09:00-12:00; Th 09:00-12:00,15:00-18:00; Fr 13:00-18:00",,,"Ernststraße, 9, 12437, Berlin",52.465439,13.4889671,veterinary,,,,,,
1905963733,Tierarztpraxis Bärenwiese/ Tiernotarzt Berlin,Uhlandstraße,151,10719.0,Berlin,,,493023362627.0,https://www.tierarzt-baerenwiese.de/,,"Mo 08:00-20:00; Tu-Fr 10:00-20:00; Sa,Su 10:00-13:00",,limited,"Uhlandstraße, 151, 10719, Berlin",52.497396,13.3245464,veterinary,,,,,,
1914085674,Tierarztpraxis am Bundesplatz,Detmolder Straße,3,10715.0,Berlin,,,,,,"Mo,Tu,Th,Fr 09:00-12:00,16:00-18:00; We 09:00-11:00; Sa 10:00-12:00",,,"Detmolder Straße, 3, 10715, Berlin",52.4788705,13.3269233,veterinary,,,,,,
1965863459,"Dr. Demmler, Dr. Wehming",Wiener Straße,25,10999.0,Berlin,,,,,,"Mo-Fr 10:00-12:00,16:00-19:00; Sa 10:00-12:00; Su 10:00-11:00",,,"Wiener Straße, 25, 10999, Berlin",52.4969564,13.4325994,veterinary,,,,,,
1978736705,Tierarzt Scheibner,Dörpfeldstraße,46,12489.0,Berlin,,,49306775403.0,https://www.tierarzt-adlershof.de/,,"Mo-Sa 09:00-11:00; Mo,We 16:00-18:30; Tu 18:30-20:30; Fr 16:00-18:00; PH off || ""Nach Vereinbarung""",,yes,"Dörpfeldstraße, 46, 12489, Berlin",52.4380728,13.5481783,veterinary,,,,,,
2000251280,Tierarztpraxis am Lietzenseepark,Riehlstraße,3,14057.0,Berlin,,,49303215058.0,https://tierarztpraxis-am-lietzenseepark.de/,mail@tierarztpraxis-am-lietzenseepark.de,"Mo-Fr 09:00-12:00 16:00-19:00, Sa 11:00-13:00, Mo-Fr 12:00-16:00 ""nur mit Voranmeldung""",Tierarztpraxis Am Lietzenseepark GmbH,,"Riehlstraße, 3, 14057, Berlin",52.509309,13.2859209,veterinary,,,,,,
2018939619,Tierarztpraxis Dr. H. Brieger,,,,,,,,https://www.dr-brieger.de,,,,,,52.431227,13.2561565,veterinary,,,,,,
2021286582,Esther Bartels,,,,,,,,,,,,yes,,52.503473,13.3067983,veterinary,,,,,,
2099577566,Tierarztpraxis Dr. Veit-Uwe Stuhrberg,Bernulfstraße,43-45,12524.0,Berlin,,,49306723384.0,https://www.tierarztpraxis-altglienicke.de/,,"Mo,Tu,Th,Fr 09:00-11:00,16:00-19:00; We 09:00-11:00; Sa 09:00-11:00",,no,"Bernulfstraße, 43-45, 12524, Berlin",52.4127843,13.541714,veterinary,,,,,,
2132599964,Dr. Ulrich Bemm,Krummenseer Straße,10,12685.0,Berlin,,,493054378250.0,,,"Mo 13:00-18:00, Tu 10:00-15:00; We 10:00-15:00; Th 13:00-18:00; Fr 10:00-15:00",,yes,"Krummenseer Straße, 10, 12685, Berlin",52.541678,13.5721215,veterinary,,,,,,
2136188609,Tierarztpraxis Vesmes,Blumberger Damm,158,12685.0,Berlin,,,49309340440.0,https://www.tierarztpraxis-vesmes.de,info@tierarztpraxis-vesmes.de,"Mo 09:00-12:00, 16:00-20:00; Tu 09:00-12:00, 16:00-20:00; We 16:00-20:00; Th 09:00-12:00, 16:00-20:00; Fr 09:00-12:00, 16:00-20:00",Joel Vesmes,yes,"Blumberger Damm, 158, 12685, Berlin",52.54542,13.5719026,veterinary,,,,,,
2332698000,Flick,,,,,,,,,,Mo-Sa 17:00-19:00,,,,52.4178034,13.3061609,veterinary,,,,,,
2420872095,Dr. Wolfgang Hoffmann,,,,,,,,,,"Mo-Fr 10:00-12:00,15:00-18:00",,no,,52.5286363,13.3412782,veterinary,,,,,,
2444304869,Kleintierpraxis Dr. Jana Pohlenz,Sabinensteig,15,13053.0,Berlin,,,,http://www.kleintierpraxis-pohlenz.de,,,,,"Sabinensteig, 15, 13053, Berlin",52.5490713,13.4937991,veterinary,,,,,,
2444308316,Tierarzt Dr. Niels Lösch,Am Faulen See,54,13053.0,Berlin,,,,,,,,,"Am Faulen See, 54, 13053, Berlin",52.5535045,13.49705,veterinary,,,,,,
2509134926,Praxis im Märchenviertel,,,,,,,49306574725.0,http://www.tierpraxis-rudelt.de/,tierarzt@tierpraxis-rudelt.de,"Mo 14:00-18:00, Tu,Th 09:00-12:00, We 15:00-19:00; PH off",Anette Rudelt,no,,52.4617784,13.5859364,veterinary,,,,,,
2525117416,SmartVet Tierarztpraxis,Pasewalker Straße,25,13127.0,Berlin,,,493047469232.0,"https://www.smartvet.de/tierarztpraxis_berlin_pankow,3027959488.html",,Mo-Fr 09:00-18:00; Sa 09:00-16:00; Su 11:00-13:00,,yes,"Pasewalker Straße, 25, 13127, Berlin",52.5883891,13.429743,veterinary,,,,,,
2674384521,Tierarztpraxis Tempelhof,,,,,,,,,,,,,,52.4478307,13.3865847,veterinary,,,,,,
2746780787,Dr. med. vet. Jeanette Sagawe,Steglitzer Damm,30,12169.0,Berlin,,,49307951435.0,https://www.tieraerzte-steglitz.de,info@tieraerzte-steglitz.de,"Mo-Fr 09:00-13:00,16:00-20:00; Sa 10:00-16:00",,,"Steglitzer Damm, 30, 12169, Berlin",52.4505337,13.3410324,veterinary,,,,,,
2952593533,Bania,Kremnitzufer,2,,,,,49308051172.0,,,,,,"Kremnitzufer, 2",52.396095,13.161149,veterinary,,,,,,
3065368552,Tierarztpraxis Dr. Koch,Lichtenrader Damm,39,12305.0,Berlin,,,493067037657.0,http://www.tierarztpraxis-koch.de/,koch@tierarztpraxis-koch.de,"Mo,We,Fr 09:00-14:00; Tu,Th 15:00-20:00",Dr. Christian Koch,no,"Lichtenrader Damm, 39, 12305, Berlin",52.4107877,13.403669,veterinary,,,,,,
3080776284,Tierärzliche Praxis am Lützowufer,Lützowufer,26,10787.0,Berlin,,,,,,,,,"Lützowufer, 26, 10787, Berlin",52.5061832,13.3494203,veterinary,,,,,,
3133634694,Praxis Tierzuliebe,Edisonstraße,63,12459.0,Berlin,,,49305353800.0,https://tierarztinberlin.de/,,"Mo,Tu,Th,Fr 10:00-18:00; Sa 10:00-14:00; Su 11:00-13:00",Miriam Bertram,yes,"Edisonstraße, 63, 12459, Berlin",52.4614933,13.5131144,veterinary,,,,,,
3178164316,Dirk Trimpe,Bahnhofstraße,3,12159.0,Berlin,,,49308521920.0,http://www.tierarztpraxis-trimpe.de/,info@tierarztpraxis-trimpe.de,"Mo-Sa 10:00-12:30, Mo,Tu,Th,Fr 17:00-19:00",<Na>,no,"Bahnhofstraße, 3, 12159, Berlin",52.4699319,13.3395083,veterinary,,,,,B,
3284006061,Tierarztpraxis Andrea Reich,Holländerstraße,95,13407.0,Berlin,,,49304557051.0,https://www.tierarztpraxis-reinickendorf.de/,,"Mo 10:00-18:00; Th,Fr 10:00-16:00; Tu 10:00-14:00; We 14:00-18:00",Andrea Reich,no,"Holländerstraße, 95, 13407, Berlin",52.561957,13.353401,veterinary,,,,,,
3393786475,Tierarztpraxis,,,,,,,493040534618.0,,,"Mo,We,Th 09:30-13:00; Tu,Fr 15:00-19:00; Sa 09:00-11:00",,,,52.5769899,13.2792318,veterinary,,,,,,
3444597275,Tierarztpraxis am Südkreuz,Gustav-Müller-Straße,19,10829.0,Berlin,,,,https://www.tierarztpraxis-am-suedkreuz.de/,,"Mo-Fr 10:00-12:00, Mo,We 16:00-19:00, Tu,Th,Fr 16:00-18:00",,no,"Gustav-Müller-Straße, 19, 10829, Berlin",52.4807694,13.3623013,veterinary,,,,,,
3649210316,Tierarztpraxis an den Allee-Arcaden,Greifenhagener Straße,45,10437.0,Berlin,,,493030361381.0,https://www.tierarztpraxis-allee-arcaden.de/,,"Mo,Tu,Th 09:00-12:00,16:00-18:00; Fr 09:00-12:00",Anne Gamalski,limited,"Greifenhagener Straße, 45, 10437, Berlin",52.5496022,13.4168501,veterinary,,,,,,
3694035418,Tierarztpraxis Dr. med. vet. Gerald Schmid,Eisenacher Straße,40,10781.0,Berlin,,,49302111779.0,http://doctor-dolittle.de,,"Mo-We,Fr 10:00-14:00; Th 15:00-18:00",Dr. Med. Vet. Gerald Schmid,yes,"Eisenacher Straße, 40, 10781, Berlin",52.4897742,13.3488645,veterinary,,,,,,
3754655246,Tierarzt Dr. Ferencz,Elberfelder Straße,3,10555.0,Berlin,,,,http://www.tierarztpraxis-moabit.de,,"""'Weiter Terminsprechstunde. Bitte rufen Sie an 030-3988 9278'""",,no,"Elberfelder Straße, 3, 10555, Berlin",52.5241824,13.3359576,veterinary,,,,,,
3786067403,Tierarztpraxis Tierlieb,Preußenallee,40,14052.0,Berlin,,,,,,"Mo-Fr 09:00-13:00, Mo,Tu,Th 14:00-18:00; Sa 09:30-11:00",Frau Annette Oehler,,"Preußenallee, 40, 14052, Berlin",52.5154998,13.2608183,veterinary,,,,,,
3826013974,Tierarztpraxis am Nollendorfplatz,Nollendorfstraße,20,10777.0,Berlin,,,49302167711.0,http://hund-katze-vogel.de/,,"Mo-Tu 10:00-12:00,17:00-19:00; We 17:00-19:00; Th 10:00-12:00,16:00-18:00; Fr 10:00-14:00; Sa ""by appointment""",Dr. Petra Birkefeld & Dr. Elisabeth Nolte,no,"Nollendorfstraße, 20, 10777, Berlin",52.4976524,13.3504475,veterinary,,,,,,
3905732054,Tierarztpraxis Tobias Krause,,,,,,,493091443116.0,http://www.ta-krause.de,tierarzt@ta-krause.de,"Mo-Fr 09:30-12:00,16:30-19:00; Sa 10:00-12:00",,,,52.4459974,13.3307775,veterinary,,,,,,
3906998156,Tierheilpraxis Kreuzberg,Warschauer Straße,29,10243.0,Berlin,,,,,,"Mo,We,Fr 11:00-17:00; Tu,Th 14:00-20:00",,no,"Warschauer Straße, 29, 10243, Berlin",52.5097882,13.4509749,veterinary,,,,,,
3911381119,Katharina Andreas,Hampsteadstraße,7,14167.0,Berlin,,,,,,,,,"Hampsteadstraße, 7, 14167, Berlin",52.433136,13.2749799,veterinary,,,,,,
4014948628,Tierarztpraxis am Wildrosengehölz,Hönower Straße,263,,Berlin,,,493099285501.0,https://www.tierarztpraxis-mahlsdorf.de/,info@tierarztpraxis-mahlsdorf.de,"Mo-Sa 08-20, So (Notfall) 10-16",,yes,"Hönower Straße, 263, Berlin",52.5278578,13.6243765,veterinary,,,,,,
4080579671,Dr. med. vet. Susann Zimmer,Weerthstraße,10,12489.0,Berlin,,,49306713267.0,,,"Mo 10:00-12:00,16:00-18:00, Tu 10:00-12:00,16:00-19:00, We 10:00-12:00, Th 16:00-19:00, Fr 10:00-12:00,16:00-18:00; PH off",,,"Weerthstraße, 10, 12489, Berlin",52.4346817,13.544154,veterinary,,,,,,
4137973040,Tierpraxis Dr. Gerriets,Morgensternstraße,16,12207.0,Berlin,,,49307724027.0,https://www.tierpraxis-drgerriets.de/,,"Mo 10:00-13:00,17:00-19:00; Tu 10:00-12:00; We 17:00-19:00; Th 10:00-12:00; Fr 10:00-12:00",,,"Morgensternstraße, 16, 12207, Berlin",52.4259329,13.3186185,veterinary,,,,,,
4174131466,Tierarztpraxis Dr. med. vet. Joachim Kirchner,Florastraße,43,13187.0,Berlin,,,493049500949.0,http://www.tierarzt-in-pankow.de/,info@tierarzt-in-pankow.de,"Mo-Fr 14:00-18:00; Tu,Th 09:00-12:00,14:00-18:00",Dr. Med. Vet. Joachim Kirchner,no,"Florastraße, 43, 13187, Berlin",52.5661672,13.4090789,veterinary,,,,,,
4366353588,Tierarztpraxis Am Westend,,,,,,,49303228247.0,https://www.tierarztamwestend.de/,info@tierarztamwestend.de,"Mo,Tu,Th,Fr 10:00-13:00,17:00-19:00; We,Sa 10:00-13:00",,,,52.5179456,13.2866144,veterinary,,,,,,
4412304406,Tierarztpraxis Alexandra Sypitzki,Sesenheimer Straße,15,10627.0,Berlin,,,493078957110.0,https://www.tierarztpraxis-sypitzki.de/,,Mo-Fr 08:30+,,no,"Sesenheimer Straße, 15, 10627, Berlin",52.5105206,13.3075345,veterinary,,,,,,
4686885506,Tierarztpraxis Dr. Dorothea Werning,Lindenthaler Allee,6,14163.0,Berlin,,,49308025009.0,https://www.tierarztpraxis-mexikoplatz.de/de/index.html,,"Mo, Tu, Th 10:00-13:00, 17:00-19:00; We 10:00-13:00, 17:00-20:00; Fr 10:00-17:00",Dr. Dorothea Werning,,"Lindenthaler Allee, 6, 14163, Berlin",52.4358777,13.2310121,veterinary,,,,,,
4709401189,Tiergesundheitszentrum,,,,,,,,,,"Mo-Sa 10:00-12:00, Mo-Fr 15:00-19:00, Sa 10:00-12:00; PH off",,yes,,52.4981659,13.5208894,veterinary,,,,,,
4715820728,Kleintierpraxis Jan Schneider,Großbeerenstraße,169-171,12277.0,Berlin,,,493029032092.0,https://www.kleintierpraxis-schneider.com/,,"Mo,We,Fr 10:00-13:00,15:00-19:00; Tu,Th 17:00-21:00; Sa-Su 11:00-14:00",,no,"Großbeerenstraße, 169-171, 12277, Berlin",52.428896,13.3758384,veterinary,,,,,,
4789962778,Tierarztpraxis Oldenburger Straße,Oldenburger Straße,44,10551.0,Berlin,,,49303951555.0,https://www.tierarztpraxis-oldenburger-strasse.de,,"Mo 10:00-12:00,15:00-18:00; Tu 10:00-14:00,18:00-20:00; We 10:00-12:00,15:00-18:00; Th 10:00-14:00,18:00-20:00; Fr 10:00-12:00,15:00-18:00; Sa 09:00-11:00",,no,"Oldenburger Straße, 44, 10551, Berlin",52.5289464,13.3357023,veterinary,,,,,,
4809992565,Tierarztpraxis am Burgerpark,Wilhelm-Kuhr-Straße,1,13187.0,Berlin,,,4903048479400.0,https://www.tierarzt-pankow.de/,,"Mo,We 14:00-19:00; Tu,Th 09:00-14:00; Fr 10:00-15:00",,no,"Wilhelm-Kuhr-Straße, 1, 13187, Berlin",52.5694182,13.4001258,veterinary,,,,,,
5090019016,Tierarztpraxis,Max-Steinke-Straße,2,13086.0,Berlin,,,49309252160.0,,,"Mo-Fr 09:00-11:00, Mo,Tu,Th,Fr 16:00-18:00, Sa 10:00-12:00",Dr.Med.Vet. Cordula Nitschke,yes,"Max-Steinke-Straße, 2, 13086, Berlin",52.5488636,13.4513273,veterinary,,,,,,
5166206721,Kleintierpraxis Ralf Boxhammer,Zingster Straße,5,13051.0,,,,49309206644.0,http://www.ta-boxhammer.de,,,,no,"Zingster Straße, 5, 13051",52.5640461,13.5033148,veterinary,,,,,,
5190500390,Tierarztpraxis Ralf Neuer,Fischerinsel,2,10179.0,Berlin,,,,,,,,,"Fischerinsel, 2, 10179, Berlin",52.5140108,13.408851,veterinary,,,,,,
5297162644,Vets for cats,Bayerischer Platz,2,10779.0,Berlin,,,493034398877.0,https://www.vetsforcats.de/,info@vetsforcats.de,"Mo-Fr 09:00-20:00; We 09:00-14:00; Sa,Su 10:00-12:00; PH off",,limited,"Bayerischer Platz, 2, 10779, Berlin",52.4897098,13.3392413,veterinary,,,,,,
5326151790,Tierarztpraxis Lenk,Schönfließer Straße,1,,,,,49304469769.0,https://tierarztpraxis-lenk.de/,info@tierarztpraxis-lenk.de,"Mo-Fr 08:00-19:00, Sa 09:00-18:00, Su 10:00-18:00",,no,"Schönfließer Straße, 1",52.5502349,13.408248,veterinary,,,,,,
5357470034,Tierarztpraxis am Mauerpark,,,,,,,,,,Mo-Fr 09:00-19:00,,limited,,52.5470756,13.4082736,veterinary,,,,,,
5424941690,Chung & Wahle,Hauptstraße,89,12159.0,Berlin,,,49308593215.0,https://tierarztpraxis-chung-wahle.com/,info@tierarztpraxis-chung-wahle.com,"Mo,Fr 09:00-18:00; Tu,Th 09:00-20:00; We,Sa 09:00-14:00",Tierarztpraxis Chung Und Wahle Gbr,limited,"Hauptstraße, 89, 12159, Berlin",52.4751968,13.3401022,veterinary,,,,,,
5514404517,Tierarztpraxis Dr. Klaus Lendner,,,,,,,,,,"Mo,Tu,Th,Fr 09:00-12:00,16:00-19:00; We,Sa 09:00-12:00",,yes,,52.4990938,13.344571,veterinary,,,,,,
5554342322,Martyna Pohnke Tierarzt,Ostpreußendamm,65,,,,,493075765970.0,,,"Mo-Fr 09:00-12:00, Mo 16:00-19:00, Th 16:00-20:00",,,"Ostpreußendamm, 65",52.4212925,13.3101216,veterinary,,,,,,
5733901242,Dr. Miriam Oczipka,Mindener Straße,22,10589.0,Berlin,,,49303441864.0,,,"Mo-Fr 09:00-12:00,16:00-19:00; Sa 11:00-13:00",,no,"Mindener Straße, 22, 10589, Berlin",52.5247542,13.3008749,veterinary,,,,,,
5762374254,Dr. med. vet. Sven Albrecht,Baumschulenstraße,34,12437.0,Berlin,,,,,,"Mo,We,Fr 09:00-12:00,15:00-19:00; Tu,Th 09:00-12:00,13:00-15:00",,no,"Baumschulenstraße, 34, 12437, Berlin",52.4637752,13.4852571,veterinary,,,,,,
6270311794,Dr. Wegeler,,,,,,,49307956044.0,,,"""nach Vereinbarung""",,,,52.3889212,13.3905608,veterinary,,,,,,
6344954141,Tierarztpraxis Hohenzollerndamm 3,Hohenzollerndamm,3,10717.0,Berlin,,,493088679111.0,https://tierarztpraxis-hohenzollerndamm-3.de/,tierarztpraxis@hohenzollerndamm-3.de,"Mo-Tu,Th-Fr 10:00-12:30,17:00-19:00; We 18:00-20:00; Sa 11:00-13:00",Dr. A. Randelhoff,no,"Hohenzollerndamm, 3, 10717, Berlin",52.4954404,13.3293192,veterinary,,,,,,
6449519970,Tierarztpraxis Anke Meeuw,,,,,,,493096599652.0,http://www.tierarzt-karlshorst.info/willkommen.html,praxis@tierarzt-karlshorst.info,"Mo,We 09:00-19:00; Tu 07:30-14:00; Th 10:00-21:00; Fr 09:00-12:00; Sa 10:00-15:00",,yes,,52.4800707,13.5205309,veterinary,,,,,,
6470421529,Tierarztpraxis Sonnenallee,Sonnenallee,204,12059.0,Berlin,,,49306814455.0,https://tierarztpraxis-sonnenallee.de/,post@tierarztpraxis-sonnenallee.de,"Mo-Fr 09:00-12:00,16:00-20:00; Sa 11:00-13:00 || ""und nach Vereinbarung""",Dr. Jana Kudritzki & Daniel Kitzing,no,"Sonnenallee, 204, 12059, Berlin",52.4748376,13.4534973,veterinary,,,,,,
6509362833,Tierarztpraxis Laskawy,Bänschstraße,58,,Berlin,,,49304267684.0,http://www.laskawy-berlin.de,,"Mo,We 14:00-19:00; Tu,Th 08:00-13:00; Fr 08:00-13:00,14:00-19:00",,yes,"Bänschstraße, 58, Berlin",52.5177488,13.4661107,veterinary,,,,,,
6603772445,neko Tiergesundheit,Provinzstraße,47,,,,,493054814390.0,https://www.neko-tiergesundheit.de,,"Mo 15:00-18:00, Tu 10:00-13:00, We 10:00-15:00, Fr 10:00-15:00, Tu 15:00-19:00, Th 15:00-19:00",Jennifer Geiseler,no,"Provinzstraße, 47",52.5687932,13.3794234,veterinary,,,,,,
6705031970,Kleintierpraxis Dirk Oschika,Krossener Straße,35A,10245.0,Berlin,,,49302946333.0,http://www.doschika.de/,,"Mo,Tu,Th 09:00-11:00,15:00-19:00",,no,"Krossener Straße, 35A, 10245, Berlin",52.5094514,13.4645357,veterinary,,,,,,
6982811309,Vogelpraxis,Mierendorffstraße,23,10589.0,Berlin,,,493034902843.0,https://vogelpraxis.de/,info@vogelpraxis.de,,,limited,"Mierendorffstraße, 23, 10589, Berlin",52.5241017,13.3024823,veterinary,,,,,,
7211094992,Rex Tierarztpraxis,Greifswalder Straße,204,10405.0,Berlin,,,,,,Mo-Fr 08:00-20:00; Sa 09:00-16:00,,no,"Greifswalder Straße, 204, 10405, Berlin",52.5333026,13.4292251,veterinary,,,,,,
7227468226,Fahrpraxis Feske,Allmendeweg,116,13509.0,Berlin,,,493040571512.0,https://www.tierarzt-feske.de/,,"Mo-Fr 08:00-20:00 open ""telefonisch erreichbar""",Dr. Med. Vet. Dana Feske,,"Allmendeweg, 116, 13509, Berlin",52.6047279,13.298452,veterinary,,,,,,
7310483025,Tierarztpraxis Claudia Handke,Danziger Straße,15,10435.0,Berlin,,,49304421760.0,https://www.tierarztpraxis-prenzlauerberg.de,post@tierarztpraxis-prenzlauerberg.de,"Mo,Th,Fr 10:00-12:00, Tu,We 10:00-15:00, Mo 16:00-20:00, Th 16:00-19:00, Fr 16:00-18:00, Sa 11:00-13:00",,no,"Danziger Straße, 15, 10435, Berlin",52.5407903,13.4154364,veterinary,,,,,,
7326193661,Dr. Angelika Block,,,,,,,,http://ta-block.weebly.com,,"Mo-Tu 10:00-12:00,16:00-18:30; We 16:00-18:30; Th-Fr 10:00-12:00,16:00-18:30; Sa 10:00-12:00",,limited,,52.4955514,13.2968989,veterinary,,,,,,
7376832510,Katharina Keil,,,,,,,49306916165.0,,,"Mo-Sa 10:00-12:00; Mo, Tu, Th, Fr 17:00-19:00",,,,52.4894813,13.4029606,veterinary,,,,,,
7478178484,Lorenz,,,,,,,,https://www.tierarzt-lichterfelde.de/,,,,,,52.4183404,13.3320075,veterinary,,,,,,
7546074503,Wolf & Tiger,Lauterstraße,12,12159.0,Berlin,,,491757366718.0,https://www.wolfandtiger.de/,,,Myvet GmbH,,"Lauterstraße, 12, 12159, Berlin",52.4726236,13.33503,veterinary,,,,,,
7609585407,Tierarztpraxis Denisse Barrera,Karl-Marx-Straße,133,12043.0,Berlin,,,49306812161.0,,,Mo-Sa 16:00-20:00,,no,"Karl-Marx-Straße, 133, 12043, Berlin",52.4774124,13.439113,veterinary,,,,,,
7617449010,Angelika Weber,Kundrystraße,2,12159.0,Berlin,,,,,,"Mo-Sa 10:00-12:00, Tu 16:00-19:00, Su 13:00-14:00",,,"Kundrystraße, 2, 12159, Berlin",52.4741292,13.3293259,veterinary,,,,,,
7623775572,Tierarztpraxis S. Lattermann,Transvaalstraße,14,13351.0,Berlin,,,493045290790.0,http://www.tierarzt-wedding.de/,,"Mo,We 08:00-14:00,13:30-18:30; Tu,Th-Fr 14:00-20:00; PH closed",,yes,"Transvaalstraße, 14, 13351, Berlin",52.5519001,13.3411969,veterinary,,,,,,
7643245687,Tierarztpraxis Otto Suhr,,,,,,,,,,Mo-Fr 09:00-19:00,,no,,52.5150531,13.3130502,veterinary,,,,,,
7747019462,Tierarztpraxis B. Migdal,Grazer Platz,12,12157.0,Berlin,,,,,,"Mo,We 10:00-16:00; Tu,Th 16:00-20:00; Fr 12:00-18:00",,,"Grazer Platz, 12, 12157, Berlin",52.4667894,13.3465937,veterinary,,,,,,
7776123991,Silke Sanft,Florastraße,6,12163.0,Berlin,,,,http://www.tierarztpraxis-sanft.de,,"Mo,Tu,Th,Fr 09:00-19:00; We,Sa 09:00-12:00",,,"Florastraße, 6, 12163, Berlin",52.4613066,13.3269746,veterinary,,,,,,
7777530635,Tierarztpraxis Rex,Südwestkorso,11a,12161.0,Berlin,,,,https://www.tierarztpraxis-schluesing.de/,,"""Sprechzeiten nach Vereinbarung""",,no,"Südwestkorso, 11a, 12161, Berlin",52.474559,13.3227841,veterinary,,,,,,
7813575354,Tierarztpraxis am Schlachtensee,Breisgauer Straße,3,14129.0,Berlin,,,493080905830.0,https://www.tierarztpraxis-am-schlachtensee.de,info@tierarztpraxis-am-schlachtensee.de,"Mo-Th 09:00-13:00; We,Fr 14:00-18:00; Sa 10:00-14:00",Dr. Katharina Gröndahl,,"Breisgauer Straße, 3, 14129, Berlin",52.4391475,13.215708,veterinary,,,,,,
7937984201,Tierarztpraxis am Hermannplatz,Lucy-Lameck-Straße,1,12049.0,Berlin,,,,https://www.tierarztpraxis-am-hermannplatz.de,,,,,"Lucy-Lameck-Straße, 1, 12049, Berlin",52.4863263,13.4233555,veterinary,,,,,,
7978440760,Dr. L. Chelminski,,,,,,,49304954038.0,,,"Mo-Tu,Th-Fr,Su 08:30-11:00,15:30-17:30",,no,,52.5691003,13.3612016,veterinary,,,,,,
8000786185,Tierarztpraxis PD Dr. med. vet. Thomas Göbel,Blissestraße,68,10713.0,Berlin,,,,https://www.tierarzt-goebel.de/,,,,,"Blissestraße, 68, 10713, Berlin",52.4789701,13.3200646,veterinary,,,,,,
8068408243,Berliner Tierarztpraxis,Mansfelder Straße,19,10713.0,Berlin,,,,https://www.berliner-tierarztpraxis.de/,,,Dr. Med. Vet. S. Heinemann;Beatrix Strathmann,,"Mansfelder Straße, 19, 10713, Berlin",52.4888413,13.3110131,veterinary,,,,,,
8068513185,Naturheilkunde für Tiere,Bornimer Straße,6,10711.0,Berlin,,,,,,,Petra Clausius,,"Bornimer Straße, 6, 10711, Berlin",52.4961991,13.2853794,veterinary,,,,,,
8330198884,Tierärztliche Gemeinschaftspraxis Blessing & Richter,Quickborner Straße,76,13439.0,Berlin,,,493040710151.0,https://ta-blessing-richter.de/,info@ta-blessing-richter.de,Mo-Fr 09:00-19:00; Sa 09:00-11:00; Su off,,,"Quickborner Straße, 76, 13439, Berlin",52.6045044,13.3664162,veterinary,,,,,,
8330236501,Katharina Dralle,Rotdornstraße,7,12161.0,Berlin,,,49308527705.0,https://www.dr-dralle-berlin.de/,,,,,"Rotdornstraße, 7, 12161, Berlin",52.4709098,13.3254977,veterinary,,,,,,
8357625079,Tierarztpraxis Matthias Müller,Berliner Straße,11,13467.0,Berlin,,,49304034440.0,https://tierarzt-matthiasmueller.de/,,"Mo-Fr 11:00-13:00, 18:00-20:00; Sa-Su11:00-13:00; PH 11:00-13:00",,yes,"Berliner Straße, 11, 13467, Berlin",52.6139984,13.316783,veterinary,,,,,,
8579480418,Tierarztpraxis Galina Schirow GmbH,Bartningallee,5,10557.0,Berlin,,,493039886966.0,https://www.vetpraxis-schirow.de/,,"Mo-Fr 10:00-13:00,16:00-19:00",,limited,"Bartningallee, 5, 10557, Berlin",52.5189471,13.3427257,veterinary,,,,,,
8691573555,Dr. Kurt Helmich;Dr. Dieter Oelke,Kufsteiner Straße,22,10825.0,Berlin,,,,https://tiermedizinzentrum.de/,,,,,"Kufsteiner Straße, 22, 10825, Berlin",52.4854474,13.3367552,veterinary,,,,,,
8844721918,Am Schlosspark,,,,,,,493047531693.0,https://tierarzt-schlosspark.de/,,"Mo-Fr 10:00-12:00,16:00-19:00; Sa 10:00-12:00",,,,52.5826045,13.40387,veterinary,,,,,,
8850856432,Tierärztliche Gemeinschaftspraxis für Kleintiere,Birnhornweg,3,12107.0,Berlin,,,,,,,Thomas Hübner;Birte Nannen,,"Birnhornweg, 3, 12107, Berlin",52.4240806,13.3948851,veterinary,,,,,,
9038458603,Tierärzte-Kreuzberg,Liegnitzer Straße,19,10999.0,Berlin,,,49306126474.0,http://www.tieraerzte-kreuzberg.de,tierarztpraxis.liegnitzerstr@t-online.de,"Mo-Fr 10:00-24:00,16:00-20:00; PH,Sa,Su 10:00-24:00",,,"Liegnitzer Straße, 19, 10999, Berlin",52.4929733,13.4338357,veterinary,,,,,,
9166121510,Tierarztpraxis Dr. Dirk Mauch,Elsa-Brändström-Straße,13,13189.0,Berlin,,,49304710133.0,http://www.elsavet.de/,,,Dr. Dirk Mauch,yes,"Elsa-Brändström-Straße, 13, 13189, Berlin",52.5600099,13.4154386,veterinary,,,,,,
9221860122,Tierarztpraxis am Amalienpark,,,,,,,,https://www.tierarztpraxis-amalienpark.de/,,"Mo,Tu,Th 09:00-12:00,15:00-18:00; We 09:00-12:00; Fr 09:00-15:00",,no,,52.5721186,13.4135786,veterinary,,,,,,
9238314072,Tierarztpraxis Sarah Watson,Altenbraker Straße,29,12051.0,Berlin,,,49306257209.0,https://www.tierarzt-watson.de/,info@tierarzt-watson.de,"We,Fr 09:00-15:00; Sa 10:00-12:00; Mo 09:00-17:00; Tu,Th 11:00-19:00",,no,"Altenbraker Straße, 29, 12051, Berlin",52.468653,13.4330363,veterinary,,,,,,
9396508717,4 Pfoten,Fanningerstraße,27,10365.0,Berlin,,,49305531572.0,https://www.praxis4pfoten.de/,,"Mo 09:00-12:00,16:00-19:00; Tu 17:00-20:00; We 09:00-12:00; Th 09:00-12:00,16:00-19:00; Fr 09:00-12:00,14:00-16:00; Sa 10:00-12:00",,,"Fanningerstraße, 27, 10365, Berlin",52.5143907,13.4951561,veterinary,,,,,,
9400600599,Tierarztpraxis Friedrichshain,Auerstraße,44,10249.0,Berlin,,,493078083485.0,https://www.tierarztpraxis-friedrichshain.de,,Mo 09:00-15:00; Tu-We 12:00-15:00; Th 10:30-15:00; Fr 09:00-15:00,,,"Auerstraße, 44, 10249, Berlin",52.5208823,13.4462478,veterinary,,,,,,
9432134789,Praxis für Kleintiermedizin Janine Lenk,Eschengraben,47,13189.0,Berlin,,,493091203200.0,https://www.kleintiermedizin-lenk.de,,"Mo,Tu,Th 13:00-19:00; We 17:00-21:00; Fr 10:00-14:00",,,"Eschengraben, 47, 13189, Berlin",52.556357,13.4245524,veterinary,,,,,,
9456247850,Peter Vogel,Finowstraße,14,,,,,493029776835.0,https://www.drpetervogel.de/,,"Tu, We 10:00-15:00; Th 10:00-12:00; Mo, Fr 10:00-12:00, 16:00-19:00",,,"Finowstraße, 14",52.5111185,13.4668484,veterinary,,,,,,
9461140241,Dr. Karin Block,Zimmermannstraße,16,12163.0,Berlin,,,,,,,,,"Zimmermannstraße, 16, 12163, Berlin",52.4607219,13.3195225,veterinary,,,,,,
9516282788,Tierarztpraxis im Komponistenviertel,Bizetstraße,48,13088.0,Berlin,,,49309273441.0,https://www.tierarztpraxis-peters-weissensee.de/,,Mo-Sa 10:00-12:00; Mo-Tu 16:00-19:00; Th-Fr 16:00-19:00,Dr. Med. Vet Anja Peters,,"Bizetstraße, 48, 13088, Berlin",52.5476848,13.4541052,veterinary,,,,,,
9653871480,Tierarztpraxis Lankwitz,Bruchwitzstraße,30,12247.0,Berlin,,,493077208260.0,https://www.tierarztpraxis-lankwitz.de/,info@tierarztpraxis-lankwitz.de,"Mo-Tu,Th-Fr 10:00-13:00,15:00-18:00; We,Sa 09:00-12:00",,limited,"Bruchwitzstraße, 30, 12247, Berlin",52.4370703,13.349587,veterinary,,,,,,
9786575482,Tierärztliche Praxis Beck,Weichselstraße,25,12045.0,Berlin,,,49306239664.0,,,"Mo-Fr 09:00-11:00,15:00-19:00",,no,"Weichselstraße, 25, 12045, Berlin",52.4870325,13.4368022,veterinary,,,,,,
9880855648,Tierarztpraxis Marion Bickert,Marchandstraße,38,12249.0,Berlin,,,49307755462.0,https://www.tierarztpraxis-bickert.de,office@tierarztpraxis-bickert.de,"Mo-Fr 09:00-11:00,16:00-18:00; Sa 09:30-10:30",,,"Marchandstraße, 38, 12249, Berlin",52.4227865,13.3566908,veterinary,,,,,,
10003860025,Teresa Lankes,,,,,,,,,,"Mo,We,Fr 09:00-11:00, Mo-Fr 16:00-18:00",,,,52.5133005,13.2937818,veterinary,,,,,,
10169596123,Patrick O. Bolz,,,,,,,,,,"Mo-Fr 10:00-12:00,16:00-19:00; PH,Sa,Su 10:00-12:00",,,,52.4564344,13.4367908,veterinary,,,,,,
10169838053,Tierarztpraxis Kaulsdorf-Süd,,,,,,,49305666176.0,https://tierarztpraxis-kaulsdorf-sued.de/,juraske@tierarztpraxis-kaulsdorf-sued.de,"Tu,Th,Sa 10:00-12:00, Mo,Tu,Th 15:00-20:00, We,Fr 15:00-19:00; PH off",Friederike Juraske,,,52.486422,13.5746936,veterinary,,,,,,
10180980038,Tierarztpraxis Gasteiner Straße,Gasteiner Straße,33,10717.0,Berlin,,,,https://tierarztpraxis-gasteiner-strasse.de/,,,Dr. Heike Hübner;Dr. Carolin Hallmann,,"Gasteiner Straße, 33, 10717, Berlin",52.4872926,13.3259046,veterinary,,,,,,
10816474165,Valera,,,,,,,,https://valera.vet/,,24/7,,,,52.4338095,13.2466898,veterinary,,,,,,
10944187119,Tieraztpraxis am Tierheim Berlin,Hausvaterweg,39,,,,,493093662200.0,https://tierarztpraxis-am-tierheim.de/,,"Mo-Fr 10:00-20:00; Sa,Su 10:00-17:00; PH 11:00-14:00",,,"Hausvaterweg, 39",52.5743133,13.5465736,veterinary,,,,,,
10946259246,Praxis für Tierzahnheilkunde,Soorstraße,76,14050.0,Berlin,,,,https://rux.vet/,,"""nach Vereinbarung""",Dr. Med. Vet. Helmut Rux,,"Soorstraße, 76, 14050, Berlin",52.5134999,13.2774866,veterinary,,,,,,
10956712577,Tierarztpraxis Birkenstein Dr. med. vet H. Fuhrmann und Team,,,,,,,,,,"Mo-Fr 09:30-11:00, Mo,Tu,Th,Fr 16:30-19:00, Sa 14:00-16:00",,,,52.5211838,13.6465809,veterinary,,,,,,
11008683231,Tierarztpraxis Alt-Buch,Alt-Buch,57,13125.0,Berlin,,,493091142778.0,https://www.tierarztpraxis-alt-buch.de/,,"Mo,Fr 09:00-16:00; Tu-Th 09:00-12:00, Tu,Th 16:00-19:00; Sa[1] 10:00-12:00; PH off",Tierärztin Lydia Klemer,,"Alt-Buch, 57, 13125, Berlin",52.636563,13.5022262,veterinary,,,,,,
11052551506,Ute Teutenberg,,,,,,,493037588910.0,,,"Mo-Fr 08:00-12:00,15:00-18:00; We 08:00-12:00,17:00-20:00",,no,,52.5507862,13.1685048,veterinary,,,,,,
11101616402,Tierarzt Bello & Co.,,,,,,,,https://belloundco.de/,,,,,,52.425741,13.4838753,veterinary,,,,,,
11201794003,Tierarztpraxis Dr. Pollmann,Berliner Straße,17,,,,,493081099440.0,https://tierarztpraxis-pollmann.de,,"Tu, Th 09:00-15:00; We, Fr 13:00-19:00; Sa 11:00-16:00",,,"Berliner Straße, 17",52.4361962,13.2660844,veterinary,,,,,,
11313866984,Dr. Fenina + Burwieck,Manteuffelstraße,74,12103.0,,,,493063314227.0,https://meintierarzt.berlin,,,,,"Manteuffelstraße, 74, 12103",52.4678078,13.3783605,veterinary,,,,,,
11345799891,Rex,,,,,,,,https://www.rex.app/,,Mo-Fr 08:00-20:00,,yes,,52.5073508,13.4569833,veterinary,,,,,,
11556295677,Tierärztliche Gemeinschaftspraxis,Hohenzollerndamm,185,10713.0,Berlin,,,,https://www.tierarztpraxis-berlin.net/,,,Antje Stolle-Malorny;Jens Vöster;Dr. Med. Vet. Iris Vöster,,"Hohenzollerndamm, 185, 10713, Berlin",52.491509,13.3183436,veterinary,,,,,,
11717159971,Rex Tierarztpraxis,Hermannstraße,227,12049.0,Berlin,,,,,,Mo-Sa 08:00-20:00,,,"Hermannstraße, 227, 12049, Berlin",52.4807206,13.425592,veterinary,,,,,,
11847097396,Kleintierkardiologie Tempelhof,Burgemeisterstraße,34,12103.0,Berlin,,,493047006869.0,https://www.kardiobewegt.berlin/,,Mo-Th 08:00-18:00; PH off,Sinah Dohlen,yes,"Burgemeisterstraße, 34, 12103, Berlin",52.4583689,13.3734169,veterinary,,,,,,
11985547873,Tierarztpraxis Kutzner,Zum Kappgraben,13,13125.0,Berlin,,,493094382030.0,https://tierarzt-kutzner.de/,,"Mo-We,Fr 09:00-12:00,16:30-19:30; Th,Sa 09:00-12:00",,,"Zum Kappgraben, 13, 13125, Berlin",52.6164598,13.4890268,veterinary,,,,,,
12108668170,"Tierarztpraxis - Dr. med. vet. Dirk Emmelmann, Dr. med. vet. Albrecht Fengler",Max-Beer-Straße,7,,,,,49302426512.0,,,"Mo, Tu, Th, Fr 09:00-12:00, 15:00-19:00; We 15:00-19:00",,no,"Max-Beer-Straße, 7",52.5251722,13.408013,veterinary,,,,,,
12219145454,Tierarztpraxis & Katzenbetreuung am Botanischen Garten,Tietzenweg,23,,,,,493032294480.0,https://www.tierarztpraxis-botanischergarten.de,,"Mo, We 10:00-19:00; Tu, Th 08:30-14:00; Sa 10:00-12:00; Fr 10:00-14:00",Daniela Friedrich,,"Tietzenweg, 23",52.4456015,13.3020665,veterinary,,,,,,
12238881093,Janine Bräuer,Krüllsstraße,5,12435.0,Berlin,,,,,,"Mo 10:00-12:00,13:00-16:00; Tu 16:00-19:00; We 12:00-17:00; Fr,Sa 10:00-12:00; Th,Su off",Janine Bräuer,,"Krüllsstraße, 5, 12435, Berlin",52.4922101,13.447823,veterinary,,,,,,
12793397931,Tierärztezentrum Birte Nannen,Schlierbacher Weg,5,12349.0,Berlin,,,493025921788.0,https://www.tieraerztezentrum-nannen.de,,,,,"Schlierbacher Weg, 5, 12349, Berlin",52.4160917,13.4047411,veterinary,,,,,,
12849196704,Praxis für Kleine Haustiere Dr. Niels Lösch,,,,,,,49309866411.0,,info@tierarzt-drloesch.de,"Mo-We, Fr 10:00-12:00; Mo, Tu, Th 16:00-19:00; Fr 16:00-18:00; Sa 11:00-12:30",,,,52.5399544,13.4849492,veterinary,,,,,,
12851066023,Dr. Pastor,Brüsseler Straße,52a,13353.0,Berlin,,,,https://www.tierarztpraxis-pastor.de/,,"Mo-Fr 09:00-11:00,16:00-19:00; Sa,Su 14:00-16:00",,,"Brüsseler Straße, 52a, 13353, Berlin",52.5486928,13.3531883,veterinary,,,,,,
12877756489,Sonnenberg,,,,,,,,,,,,,,52.4406394,13.6866147,veterinary,,,,,,
12989186501,Tierarztpraxis am Wasserturm,Rykestraße,4,10405.0,,,,,https://www.tierarztpraxis-wasserturm.de/,,,,,"Rykestraße, 4, 10405",52.5350637,13.419688,veterinary,,,,,,
24921047,Das Veterinärmedizinische Zentrum Berlin,Scharnweberstraße,136,13405.0,Berlin,,,49304127357.0,https://www.vetzentrum-berlin.de/,info@vetzentrum-berlin.de,24/7,Kai S. Rödiger,,"Scharnweberstraße, 136, 13405, Berlin",52.56383603359543,13.32589838500037,veterinary,,,,,,
28608972,Zete Marton,Alt-Reinickendorf,37,13407.0,Berlin,,,,,,"Mo-Fr 09:00-12:00, Mo,Th 16:00-19:00, Tu,We,Fr 15:00-18:00",,no,"Alt-Reinickendorf, 37, 13407, Berlin",52.574841677439466,13.351276845661223,veterinary,,,,,,
71173694,Tierärztlichen Klinik für Kleintiere,Märkische Allee,258,12679.0,Berlin,,,,https://www.tierklinik-in-berlin.de/,,24/7,,yes,"Märkische Allee, 258, 12679, Berlin",52.5555553946766,13.553247578434863,veterinary,,,,,,
89101208,Tierarztpraxis Kathrin Böhm,Robert-Siewert-Straße,90,10318.0,Berlin,,,493032669736.0,,,"Th 10:00-18:00; Tu,We 10:00-19:00; Fr 10:00-15:00; Sa 10:00-15:00; Mo 10:00-17:00",Kathrin Böhm,limited,"Robert-Siewert-Straße, 90, 10318, Berlin",52.49264998362304,13.536918159788693,veterinary,,,,,,
117230559,Tierartzpraxis Gotthardt,Winkler Straße,21,14193.0,Berlin,,,,,,,,,"Winkler Straße, 21, 14193, Berlin",52.48761569717588,13.26661586707658,veterinary,,,,,,
163836866,Tierklinik Berlin-Biesdorf,Alt-Biesdorf,22,12683.0,Berlin,,,49305143760.0,https://www.tierklinik-in-biesdorf.de/,,"Mo-Fr 08:00-13:00,15:00-20:00; Sa 09:00-12:00",,no,"Alt-Biesdorf, 22, 12683, Berlin",52.50873002296041,13.55573553415282,veterinary,,,,,,
286010852,Tierarztpraxis Dr. Christine Mueller,Südekumzeile,26E,13591.0,Berlin,,,49303660128.0,http://tierarztpraxis-spandau.de/,christinemueller.berlin@web.de,,,,"Südekumzeile, 26E, 13591, Berlin",52.53114943495089,13.148550095428307,veterinary,,,,,,
