name,type,street,housenumber,postcode,city,opening_hours,phone,website,wheelchair,latitude,longitude,osm_id,osm_type,source,district_id
Kieser Training,fitness_centre,Holzhauser Straße,140d,13509.0,Berlin,"Mo-Fr 07:00-22:00; Sa-Su,PH 09:00-18:00",+49 30 41718917,https://www.kieser-training.de/studios/berlin/berlin-reinickendorf,unknown,52.5846088,13.3117903,277958275,node,OSM Overpass,
Kieser Training,fitness_centre,Ostseestraße,107,10409.0,Berlin,"Mo-Fr 07:00-21:00; Sa,Su,PH 09:00-18:00",+49 30 42105260,https://www.kieser-training.de/studios/berlin/berlin-prenzlauer-berg,yes,52.5467638,13.4425034,277958277,node,OSM Overpass,
Kieser Training,fitness_centre,Forckenbeckstraße,9-13,14199.0,Berlin,"Mo-Fr 07:00-22:00; Sa,Su,PH 09:00-18:00",,,unknown,52.4799991,13.3051873,277958288,node,OSM Overpass,
Kieser Training,fitness_centre,Teltowkanalstraße,2,12247.0,Berlin,,,,yes,52.4429012,13.3296947,277958289,node,OSM Overpass,
Kieser Training,fitness_centre,Rudower Straße,132,12351.0,Berlin,"Mo-Fr 07:30-21:30; Sa-Su,PH 09:00-18:00",,,yes,52.4339942,13.4690013,277958291,node,OSM Overpass,
Brooklyn Fitboxing Charlottenburg,fitness_centre,Kantstraße,38,10625.0,Berlin,,,https://www.brooklynfitboxing.com/public/de/de-de/club/charlottenburg,unknown,52.5064381,13.3142089,349301672,node,OSM Overpass,
Future Fit,fitness_centre,Alt-Tegel,21,13507.0,Berlin,,,,unknown,52.5888042,13.2802229,353900373,node,OSM Overpass,
Rocket Station,fitness_centre,,,10559.0,Berlin,,,https://rocketstation.de,unknown,52.532929,13.350192,428142496,node,OSM Overpass,
authentic body control,fitness_centre,Boddinstraße,4,,Berlin,,,,unknown,52.4810205,13.4336999,440337320,node,OSM Overpass,
Yogi Escape,fitness_centre,Rigaer Straße,25,10247.0,Berlin,,,,unknown,52.5168592,13.4618241,499500765,node,OSM Overpass,
McFit,fitness_centre,Konrad-Wolf-Straße,56-60,13055.0,Berlin,24/7,+493097604201,https://www.mcfit.com/de/studiodetail/info/berlin-hohenschoenhausen.html,yes,52.5361874,13.4746956,617268225,node,OSM Overpass,
Fitbox,fitness_centre,Turmstraße,74,10551.0,Berlin,Mo-Fr 09:00-20:00; Sa 09:00-15:00,,https://www.bardorf-optik.de/,no,52.5267655,13.333241,645677448,node,OSM Overpass,
Pilatesraum Berlin,fitness_centre,Breite Straße,33,14199.0,Berlin,"""Anmeldung online""",,https://www.pilatesraum-berlin.de,unknown,52.4744332,13.2925233,664244052,node,OSM Overpass,
Viva Studio,fitness_centre,Wilmersdorfer Straße,98,10629.0,Berlin,"Mo-Fr 08:00-17:00; Sa,Su 09:00-15:00",,,unknown,52.5021593,13.3080794,673611600,node,OSM Overpass,
Women's Lift Lounge,fitness_centre,Danziger Straße,55,10435.0,Berlin,,,,unknown,52.5399348,13.4210829,786216888,node,OSM Overpass,
Aspria,fitness_centre,,,,Berlin,"Mo-Fr 06:00-23:00; Sa,Su,PH 08:00-22:00",,http://www.aspria-berlin.de,unknown,52.5005987,13.2943126,810590618,node,OSM Overpass,
Superfit,fitness_centre,Schloßstraße,1,12163.0,Berlin,24/7,,,limited,52.4644342,13.3269685,812219708,node,OSM Overpass,
McFit,fitness_centre,Berliner Straße,148,10715.0,Berlin,24/7,,,limited,52.4866239,13.3283776,823473534,node,OSM Overpass,
Elbgym,fitness_centre,Walther-Schreiber-Platz,1,12161.0,Berlin,Mo-Fr 06:00-22:30; Sa-Su 08:00-20:00,,,no,52.4648869,13.3277034,833174269,node,OSM Overpass,
Holmes Place,fitness_centre,Anton-Wilhelm-Amo-Straße,50,10117.0,Berlin,"Mo-Th 06:00-23:00; Fr 06:00-22:00; Sa,Su,PH 08:00-22:00",,https://www.holmesplace.de/d/clubs/index.berlin-gendarmenmarkt.php,yes,52.5123998,13.3908216,879311582,node,OSM Overpass,
Tayfun Personal Trainer,fitness_centre,Kaiserin-Augusta-Allee,45,10589.0,Berlin,Mo-Fr 09:00-21:00,+49 30 692 016 36,https://www.berlin-personaltrainer.de/,unknown,52.5258921,13.3082059,891052374,node,OSM Overpass,
McFit,fitness_centre,Siegfriedstraße,177,10365.0,Berlin,24/7,+49 30 55154631,https://www.mcfit.com,no,52.5218057,13.4988651,901662461,node,OSM Overpass,
SuperFit Europa-Center,fitness_centre,Tauentzienstraße,9-12,,Berlin,24/7,,https://superfit.club/,unknown,52.5045718,13.3373165,925525521,node,OSM Overpass,
Fitness First,fitness_centre,Schloßstraße,110,12163.0,Berlin,"Mo-Fr 06:30-22:00; Sa,Su 08:00-21:00",,https://www.fitnessfirst.de/clubs/berlin-steglitz,yes,52.4609717,13.3250803,928931970,node,OSM Overpass,
SunYoga,fitness_centre,Torellstraße,7,10243.0,Berlin,,,,yes,52.5110587,13.4488022,932651529,node,OSM Overpass,
Yoga im Graefekiez,fitness_centre,Grimmstraße,19,10967.0,Berlin,,,,no,52.4927563,13.4142438,958096426,node,OSM Overpass,
Superfit Woman,fitness_centre,Schloßstraße,1,12163.0,Berlin,"Mo-Fr 07:00-23:00; Sa,Su 08:00-22:00",,,yes,52.4645372,13.3270583,970070951,node,OSM Overpass,
Fitness First,fitness_centre,Clayallee,328-334,14169.0,Berlin,Mo-Fr 06:00-23:00; Sa 08:00-22:00; Su 08:00-21:00,,https://www.fitnessfirst.de,no,52.4374727,13.2638979,1056915608,node,OSM Overpass,
Fitness First,fitness_centre,Clayallee,328-334,14169.0,Berlin,,,,unknown,52.4378498,13.2641914,1056915620,node,OSM Overpass,
Beat81,fitness_centre,Libauer Straße,1,10245.0,Berlin,,,,limited,52.5100356,13.4548892,1094853553,node,OSM Overpass,
Mrs. Sporty,fitness_centre,Mühlenstraße,4,14167.0,Berlin,,,https://www.mrssporty.de/club347,yes,52.4296407,13.2611651,1112755252,node,OSM Overpass,
Fitness First,fitness_centre,Schönhauser Allee,80,10439.0,Berlin,,,,no,52.5496432,13.4147198,1120057604,node,OSM Overpass,
Yoga Hub Berlin,fitness_centre,Greifswalder Straße,8d,10405.0,Berlin,"Mo-Fr 07:30-09:00,12:30-13:30,17:30-21:00; Sa 08:30-13:00; Su 09:30-12:30,17:30-19:00",,https://www.yogahubberlin.com,unknown,52.5293516,13.425576,1218312075,node,OSM Overpass,
Fitness Company Berlin,fitness_centre,Rüdersdorfer Straße,71,10243.0,Berlin,"Mo,We 08:00-23:00; Tu,Th,Fr 08:00-22:00; Sa 10:00-19:00; Su 10:00-20:00",,,no,52.5129482,13.4409043,1270475988,node,OSM Overpass,
Fitness and More,fitness_centre,,,,Berlin,,,,unknown,52.5072487,13.3262582,1279265631,node,OSM Overpass,
Sivananda Yoga,fitness_centre,Schmiljanstraße,24,12161.0,Berlin,,+49 30 85999798,https://berlin.sivananda.yoga/,unknown,52.470673,13.3310663,1333143675,node,OSM Overpass,
Gymfit,fitness_centre,,,,Berlin,,,,unknown,52.5371165,13.2058468,1336704497,node,OSM Overpass,
Mrs. Sporty,fitness_centre,,,,Berlin,,,,unknown,52.4772069,13.2895103,1387894027,node,OSM Overpass,
B23 Space,fitness_centre,Greifswalder Straße,23,10405.0,Berlin,,,,unknown,52.531302,13.4278041,1389043773,node,OSM Overpass,
UFC Gym,fitness_centre,Kurfürstendamm,38,10719.0,Berlin,,,,yes,52.5023417,13.3225954,1389063019,node,OSM Overpass,
Superfit,fitness_centre,Wilmersdorfer Straße,54,10627.0,Berlin,24/7,,,no,52.5083788,13.3058415,1438454178,node,OSM Overpass,
SuperFit,fitness_centre,Grunerstraße,20,10179.0,Berlin,24/7,,,limited,52.5186131,13.4160003,1438455119,node,OSM Overpass,
McFit,fitness_centre,Seestraße,64,13347.0,Berlin,24/7,,https://www.mcfit.com,yes,52.5537674,13.3604139,1457608587,node,OSM Overpass,
SunYoga,fitness_centre,Mehringdamm,33,10961.0,Berlin,,+49 30 69565522,https://www.sunyoga.de/,no,52.4934118,13.3886695,1470020226,node,OSM Overpass,
Bewegungsstudio,fitness_centre,,,,Berlin,,,,limited,52.5489078,13.4079903,1471968739,node,OSM Overpass,
Sacred Space,fitness_centre,,,,Berlin,,,,unknown,52.4884122,13.4298633,1576962361,node,OSM Overpass,
M&M Fitness-Center,fitness_centre,,,,Berlin,"Mo-Fr 07:00-23:00; Sa,Su 07:00-19:00",,http://www.mundm-fitness.de/,yes,52.4223527,13.4379849,1577855726,node,OSM Overpass,
McFit,fitness_centre,Alt-Mahlsdorf,24,12623.0,Berlin,24/7,+49 30 5659 2494,,yes,52.5052223,13.6123631,1583959145,node,OSM Overpass,
Hadi Zalzadeh,fitness_centre,Kollwitzstraße,102,10435.0,Berlin,"Mo-Fr 08:00-20:00; Sa 10:00-18:00; Su ""auf Anfrage""",,,yes,52.5391543,13.4215361,1584743772,node,OSM Overpass,
Green Studio Pilates,fitness_centre,Jessnerstraße,58,10247.0,Berlin,,,,unknown,52.50955,13.4698898,1588139056,node,OSM Overpass,
Yoga-Institut Berlin,fitness_centre,Bergmannstraße,91,10961.0,Berlin,,,www.yoga-institut-berlin.de,unknown,52.4897726,13.3930155,1610111889,node,OSM Overpass,
Fit T9 Frauenfitness,fitness_centre,Müllerstraße,36,13353.0,Berlin,"Mo-Fr 07:00-23:00; Sa,Su 09:00-22:00",,http://fit-t9.de/frauenfitness-berlin-wedding/,no,52.5492489,13.354639,1715298789,node,OSM Overpass,
myoga,fitness_centre,Sieglindestraße,7,12159.0,Berlin,,,http://friedenauyoga.de/,no,52.4764214,13.3294195,1718478056,node,OSM Overpass,
McFit,fitness_centre,,,,Berlin,,,,yes,52.4306176,13.3755423,1762116722,node,OSM Overpass,
Rent-A-Trainer-Berlin Gym,fitness_centre,Nollendorfstraße,23,10777.0,Berlin,"Mo-Fr 07:00-22:00; Sa 08:00-16:00; Su,PH off",,,no,52.4974065,13.3504955,1870398737,node,OSM Overpass,
Urban Boost,fitness_centre,Pariser Straße,43,10707.0,Berlin,Mo-Fr 10:00-19:00; Sa 10:00-15:00,,,unknown,52.4979231,13.3192394,1915070108,node,OSM Overpass,
Zentrum für Yoga & Qigong,fitness_centre,,,,Berlin,,,,unknown,52.477839,13.286039,1918474939,node,OSM Overpass,
Mrs. Sporty,fitness_centre,Hugenottenplatz,3,13127.0,Berlin,"PH,Mo-Su 06:00-22:00",+493047487074,https://www.mrssporty.de/club/berlin-franzoesisch-buchholz/,unknown,52.6069668,13.419858,1970628072,node,OSM Overpass,
Impuls EMS-Studio,fitness_centre,Genossenschaftsstraße,69,12489.0,Berlin,"Mo 08:30-20:00, Tu 08:30-21:00, We 08:30-20:00, Tu 08:30-21:00, Fr 08:30-20:00, Sa 08:30-15:00; PH off",+49 30 70 76 11 31,,yes,52.4376876,13.5469767,1981014509,node,OSM Overpass,
Yoga in der Schwangerschaft Frauke Stadali,fitness_centre,Belziger Straße,7,10823.0,Berlin,,,,unknown,52.4879655,13.3567272,2059798815,node,OSM Overpass,
Fitness First,fitness_centre,,,,Berlin,"Mo,We,Fr 07:00-23:00; Sa,Su,PH 08:00-20:00",,https://www.fitnessfirst.de/,yes,52.5063071,13.3071048,2082268403,node,OSM Overpass,
Kieser Training,fitness_centre,,,,Berlin,"Mo-Fr 07:00-22:00; Sa-Su, PH 09:00-18:00",+49 30 43727807,https://www.kieser-training.de/studios/berlin/berlin-charlottenburg,limited,52.5115671,13.3211747,2116638898,node,OSM Overpass,
McFit,fitness_centre,Schöneberger Straße,12-15,12103.0,Berlin,24/7,+49 30 75443877,https://www.mcfit.com,no,52.4696804,13.3743607,2149937826,node,OSM Overpass,
Abnehmen im Liegen,fitness_centre,Schivelbeiner Straße,35,10439.0,Berlin,,,,unknown,52.5508228,13.409037,2158310119,node,OSM Overpass,
Holmes Place,fitness_centre,Wilmersdorfer Straße,38,10585.0,Berlin,Mo-Fr 07:00-22:00; Sa-Su 09:00-21:00,,,yes,52.5119376,13.3049113,2187588493,node,OSM Overpass,
McFit,fitness_centre,Alt-Moabit,96D,10559.0,Berlin,24/7,,,no,52.5248857,13.34569,2306175948,node,OSM Overpass,
Three Boons Yoga,fitness_centre,Kurfürstendamm,,10707.0,Berlin,,,,unknown,52.5000367,13.3101396,2334538079,node,OSM Overpass,
McFit,fitness_centre,,,,Berlin,,+49 30 63905744,https://www.mcfit.com/,no,52.4639256,13.4983345,2427830701,node,OSM Overpass,
JOHN REED Fitness,fitness_centre,Kottbusser Damm,1,10967.0,Berlin,Mo-Su 06:00-12:00,,,no,52.4953419,13.4201449,2445179072,node,OSM Overpass,
EMSLounge,fitness_centre,,,,Berlin,Mo-Fr 08:30-20:30; Sa 09:00-16:00,,,unknown,52.4830416,13.525466,2445856559,node,OSM Overpass,
Sport & Therapiezentrum,fitness_centre,,,,Berlin,,,,unknown,52.5360507,13.2757823,2449154365,node,OSM Overpass,
Tagtigall,fitness_centre,Herrfurthstraße,6a,12049.0,Berlin,Tu 20:00-21:30; Th 20:15-21:45; Sa 10:00-11:30,,https://www.tagtigall.de/,no,52.4774666,13.4242905,2477046562,node,OSM Overpass,
Mindful Life Berlin,fitness_centre,Gleimstraße,19,10437.0,Berlin,,,https://mindfullife-berlin.com/,unknown,52.5471967,13.4094238,2489837401,node,OSM Overpass,
Crunchfit,fitness_centre,Wilhelmsruher Damm,128,13439.0,Berlin,Mo-Su 06:00 - 23:59,,,yes,52.596692,13.3552267,2690994059,node,OSM Overpass,
Rocycle Berlin Mitte,fitness_centre,Linienstraße,41,10119.0,Berlin,,,https://www.rocyclestudios.com/en/,no,52.528312,13.4095226,2764574468,node,OSM Overpass,
Venice Sporting Club,fitness_centre,Tempelhofer Weg,44,12347.0,Berlin,Mo-Th 09:00-20:00; Fr 09:00-18:00; Sa 11:00-16:00; Su off,,https://www.venice-sportingclub.de/,unknown,52.4550011,13.4290189,2821190540,node,OSM Overpass,
Localfit,fitness_centre,Fürstenwalder Damm,479,12587.0,Berlin,,,https://www.localfit.eu,unknown,52.4569686,13.6244217,2840752454,node,OSM Overpass,
John Reed Women's Club,fitness_centre,Schönhauser Allee,112,10439.0,Berlin,"Mo-Fr 06:30-23:00; Sa,Su 09:00-21:00",,https://johnreed.fitness/womens-club-berlin-prenzlauer-berg,yes,52.5509763,13.4135056,2850021274,node,OSM Overpass,
McFit,fitness_centre,Am Juliusturm,19,13599.0,Berlin,24/7,,,unknown,52.537428,13.2271875,2851949842,node,OSM Overpass,
McFit,fitness_centre,Oraniendamm,64,13469.0,Berlin,24/7,+49 30 40399430,https://www.mcfit.com,unknown,52.6072123,13.3235204,2851949843,node,OSM Overpass,
VIP’n’Fit,fitness_centre,Pichelsdorfer Straße,31,13595.0,Berlin,,,,unknown,52.5164644,13.1972779,2901372702,node,OSM Overpass,
Körperformen,fitness_centre,Anklamer Straße,17,10115.0,Berlin,,,,unknown,52.5349746,13.3990861,2935486803,node,OSM Overpass,
Clever fit,fitness_centre,Rosenthaler Weg,24B,13127.0,Berlin,"Mo-Fr 06:00-23:00; Sa,Su 09:00-20:00",+49 3055621552,https://www.clever-fit.com/fitness-studios/clever-fit-berlin-pankow/,unknown,52.6059139,13.4200588,2960514356,node,OSM Overpass,
McFit,fitness_centre,Tauentzienstraße,8,10789.0,Berlin,24/7,+49 30 2579 4520,,yes,52.5037293,13.3388804,2985821756,node,OSM Overpass,
Berlin Strength,fitness_centre,Revaler Straße,99,10245.0,Berlin,,,,unknown,52.5075111,13.4555779,2995644691,node,OSM Overpass,
FitX,fitness_centre,Hellersdorfer Straße,235,12627.0,Berlin,24/7,+49 30 2099289130,https://www.fitx.de/studio/berlin-hellersdorf,yes,52.536285,13.6026916,3021116630,node,OSM Overpass,
Pole Sport Studio Berlin,fitness_centre,Wiclefstraße,18,10551.0,Berlin,,+49 30 12095667,https://polesportberlin.de/,unknown,52.5306804,13.3347642,3045401463,node,OSM Overpass,
Kieser Training,fitness_centre,Hannoversche Straße,19,10115.0,Berlin,"Mo-Fr 07:30-21:30; Sa,Su,PH 09:00-18:00",,,yes,52.5277244,13.3805488,3140164400,node,OSM Overpass,
Zenna Wellness Studio,sports_centre,,,,Berlin,,+1-443-373-7069,https://www.zennawellnessyoga.com/schedule.html,unknown,38.3239421,-75.2187607,3167054726,node,OSM Overpass,
Clays,fitness_centre,Clayallee,171,14195.0,Berlin,Mo-Fr 06:00-23:00; Sa-Su 08:00-21:00,,,yes,52.4519462,13.2701269,3176577534,node,OSM Overpass,
McFit,fitness_centre,Adlergestell,299,12489.0,Berlin,24/7,+49 30 6780 7960,,unknown,52.4309414,13.5491064,3266506461,node,OSM Overpass,
Superfit,fitness_centre,Karl-Marx-Straße,66,12043.0,Berlin,24/7,,,yes,52.4821233,13.4329149,3267299482,node,OSM Overpass,
Clever fit,fitness_centre,,,,Berlin,,,,unknown,52.4524755,13.3848984,3317540786,node,OSM Overpass,
FitX,fitness_centre,Kurfürstendamm,156,10709.0,Berlin,24/7,+49 30 88729698,https://www.fitx.de/studio/berlin-wilmersdorf,unknown,52.4984906,13.3028762,3385637223,node,OSM Overpass,
Clever fit,fitness_centre,Greifswalder Straße,90,10409.0,Berlin,Mo-Fr 06:00-23:00; Sa-Su 09:00-20:00,,,yes,52.5433678,13.4421641,3411940909,node,OSM Overpass,
Yoga und Körperarbeit,sports_centre,Karl-Kunger-Straße,21,12435.0,Berlin,,,,no,52.4901185,13.4488498,3442698430,node,OSM Overpass,
CrossFit,fitness_centre,Wilhelm-Kabus-Straße,40,10829.0,Berlin,,,https://www.crossfiticke.com/,yes,52.481665,13.365517,3453943122,node,OSM Overpass,
Yoga am Arnimplatz,fitness_centre,Schönfließer Straße,11,10439.0,Berlin,,,,unknown,52.5529857,13.4083022,3464981113,node,OSM Overpass,
EFX Sport-Gruppe - Fitness,fitness_centre,,,,Berlin,,,https://www.chris-faith.de/training/training?d=1,unknown,52.5018092,13.4207441,3475027209,node,OSM Overpass,
Kieser Training,fitness_centre,Bahnhofstraße,33-38,12555.0,Berlin,"Mo-Fr 07:00-22:00; PH,Sa,Su 09:00-19:00",+49 30 34354323,https://www.kieser-training.de/studios/berlin/berlin-koepenick,yes,52.4582572,13.5763726,3566958751,node,OSM Overpass,
Fitness First,fitness_centre,,,,Berlin,"Mo-Fr 06:00-22:00; Sa,Su 08:00-20:00; PH 10:00-18:00",+4930 49 90 54 3,https://www.fitnessfirst.de/clubs/berlin-women-pankow/,limited,52.5698026,13.4066615,3658141193,node,OSM Overpass,
Elixia,fitness_centre,,,,Berlin,06:30-23:00,,https://elixia.de/,yes,52.429498,13.3299541,3670161823,node,OSM Overpass,
Clever fit,fitness_centre,Joachimsthaler Straße,19,10719.0,Berlin,Mo-Fr 06:00-00:00; Sa-Su 09:00-21:00,,https://www.clever-fit.com/fitness-studios/clever-fit-berlin-charlottenburg.html,no,52.5013709,13.3307767,3782374475,node,OSM Overpass,
Lagoa Yoga,sports_centre,,,,Berlin,,,https://www.lagoayoga.de/,no,52.5037245,13.3252108,3819522964,node,OSM Overpass,
Stromtown,fitness_centre,Motzstraße,9,10777.0,Berlin,,,,unknown,52.4985987,13.3511448,3826014915,node,OSM Overpass,
Holmes Place,fitness_centre,Schildhornstraße,1,12163.0,Berlin,"Mo-Fr 06:00-23:00; Sa,Su 09:00-21:00",,,yes,52.4622743,13.3252442,3841253417,node,OSM Overpass,
Fitbox,fitness_centre,Martin-Luther-Straße,103,10825.0,Berlin,Mo-Fr 08:30-20:00; Sa 09:00-16:00,+49 30 25776556,https://fitbox.de/de/studios/fitbox-berlin-jfk-platz,no,52.485107,13.3453454,3853848970,node,OSM Overpass,
Mrs. Sporty,fitness_centre,,,,Berlin,"Mo,We 08:00-19:00; Tu 09:00-19:00; Th 09:00-15:00; Fr 09:00-18:00",+49 30 35127250,,yes,52.5054239,13.5157065,3862712290,node,OSM Overpass,
McFit,fitness_centre,Märkische Allee,160a,12681.0,Berlin,,+493053029982,https://www.mcfit.com/de/studiodetail/info/berlin-marzahn.html,no,52.5324374,13.5372478,3874310962,node,OSM Overpass,
40 Min,fitness_centre,Florastraße,88/89,13187.0,Berlin,"Mo,Tu,Th 08:30-12:00,16:00-20:00; We,Fr 08:30-12:00,15:00-19:00; Sa 09:30-13:00",,,unknown,52.5659003,13.3989931,3877191661,node,OSM Overpass,
Hale Now,fitness_centre,Torellstraße,2,10243.0,Berlin,,,,unknown,52.5112064,13.4475269,3907029679,node,OSM Overpass,
Kieser Training,fitness_centre,,,,Berlin,"Mo-Fr 07:00-21:00; Sa,Su,PH 09:00-16:00",,,unknown,52.5438059,13.5486137,3957099326,node,OSM Overpass,
Superfit,fitness_centre,Bahnhofstraße,23-25,12555.0,Berlin,24/7,,http://www.mysuperfit.com,no,52.4578111,13.5789766,4128610787,node,OSM Overpass,
Superfit,fitness_centre,Frankfurter Allee,111,10247.0,Berlin,24/7,,http://www.mysuperfit.com,yes,52.5142755,13.4737156,4128610788,node,OSM Overpass,
Superfit,fitness_centre,,,,Berlin,24/7,,http://www.mysuperfit.com,unknown,52.5849505,13.2859281,4128610990,node,OSM Overpass,
Fit T9,fitness_centre,Janusz-Korczak-Straße,4-8,12627.0,Berlin,Mo-Fr 08:00-24:00; Sa-Su 09:00-21:00,+49 30 99279513,http://fit-t9.de/studio-berlin-hellersdorf/,yes,52.5364805,13.6026618,4235017790,node,OSM Overpass,
Crossfit Grenzgänger,fitness_centre,,,,Berlin,,,,unknown,52.52648,13.3870103,4253980789,node,OSM Overpass,
CrossFit,fitness_centre,Heidestraße,48,10557.0,Berlin,,,,no,52.5308414,13.3672762,4253995591,node,OSM Overpass,
Hauptstadt Crossfit,fitness_centre,,,,Berlin,,,,no,52.5323394,13.3802487,4254495166,node,OSM Overpass,
Crossfit gute Hoffnungshütte,fitness_centre,,,,Berlin,,,,unknown,52.4888821,13.3872264,4254944691,node,OSM Overpass,
Figurenzentrum Köpenick,fitness_centre,,,,Berlin,"""Termine nach telefonischer Vereinbarung""",,,no,52.454105,13.575983,4304263292,node,OSM Overpass,
CITI-Frauen-Fitness,fitness_centre,Alte Hellersdorfer Straße,119,12629.0,Berlin,,,,unknown,52.5452832,13.5911324,4308049689,node,OSM Overpass,
Yoga Stübchen,fitness_centre,Genter Straße,65,13353.0,Berlin,,,,unknown,52.5486824,13.3513758,4315470224,node,OSM Overpass,
lady's spandau,fitness_centre,Bismarckstraße,17,13585.0,Berlin,,,https://www.ladys-spandau.de/,unknown,52.5433244,13.2010323,4316237225,node,OSM Overpass,
Bodystreet,fitness_centre,Karl-Marx-Allee,110,10243.0,Berlin,Mo-Fr 09:00-21:00; Sa 09:00-15:00,,,no,52.5163412,13.4460907,4320893092,node,OSM Overpass,
Beat81,fitness_centre,Dircksenstraße,90,10178.0,Berlin,Mo-Sa 10:00-20:00,,,unknown,52.5177528,13.415554,4333951890,node,OSM Overpass,
FitX,fitness_centre,Alexanderstraße,7,10178.0,Berlin,24/7,,,unknown,52.5230415,13.4161276,4420021957,node,OSM Overpass,
McFit,fitness_centre,Leipziger Straße,46/47,10117.0,Berlin,Mo-Su 06:00-00:00,,,no,52.5106479,13.3974279,4424022530,node,OSM Overpass,
7 circles,fitness_centre,Sächsische Straße,39,,Berlin,,,,unknown,52.48997,13.3172363,4437696196,node,OSM Overpass,
Sporteve,fitness_centre,,,,Berlin,"Mo-Th 09:00-12:00,16:00-19:00; Fr 09:00-12:00",+4930 67460192,https://www.sporteve.de/clubs/berlin-steglitz/,yes,52.4467195,13.3424696,4446537033,node,OSM Overpass,
Therapiezentrum Waidmannslust,fitness_centre,Oranienburger Straße,141,13437.0,Berlin,,+49304034700,,unknown,52.6051549,13.3256887,4474870489,node,OSM Overpass,
Fitness First,fitness_centre,Jägerstraße,27,10117.0,Berlin,"Mo-Fr 06:00-23:00; Sa,Su,PH 09:00-20:00",,,limited,52.5139697,13.3954862,4514846830,node,OSM Overpass,
Yogastudio Körperklang,sports_centre,Weidenweg,51,10249.0,Berlin,,+49 30 23 61 77 73,https://www.koerperklang-yoga.de/,yes,52.5185242,13.4520872,4520986013,node,OSM Overpass,
Green Yoga,fitness_centre,Gärtnerstraße,3,10245.0,Berlin,Mo-Su 07:30-21:00,,,unknown,52.5085055,13.4599359,4530197498,node,OSM Overpass,
Fitbox,fitness_centre,Invalidenstraße,152,,Berlin,Mo-Fr 09:00-20:00; Sa 09:00-16:00,,https://www.fitbox.de/,limited,52.5322556,13.3954966,4539202778,node,OSM Overpass,
Fit in Tegel,fitness_centre,Ernststraße,2,13509.0,Berlin,,+49 30 4321020,https://fit-in-tegel.de/,unknown,52.5825276,13.2912082,4555677789,node,OSM Overpass,
Freiraum,fitness_centre,,,,Berlin,,,https://freiraum.fit/,unknown,52.4274451,13.3286889,4572112192,node,OSM Overpass,
Bodystreet,fitness_centre,,,,Berlin,"Mo,Fr 08:00-19:00; Tu-Th 08:00-20:00; Sa 10:00-14:00",+49 30 33846280,,unknown,52.5079287,13.3917379,4604863055,node,OSM Overpass,
Yogibar,fitness_centre,Boxhagener Straße,31,10245.0,Berlin,,,https://www.yogibar.de/,no,52.5123551,13.4594528,4611801889,node,OSM Overpass,
Three Boons Yoga,fitness_centre,Brunnenstraße,29,10119.0,Berlin,,+49 030-48 49 19 48,https://www.threeboonsyoga.de/mitte,unknown,52.5345204,13.398546,4614154589,node,OSM Overpass,
EagleCoach,fitness_centre,Corinthstraße,51,10245.0,Berlin,"""je Angebot auf Webseite""",,,unknown,52.4993986,13.4637843,4672876466,node,OSM Overpass,
Studio Sonne,fitness_centre,Sonnenallee,67,12045.0,Berlin,,,,no,52.4846716,13.4352226,4673478561,node,OSM Overpass,
Clever fit,fitness_centre,,,,Berlin,"Mo-Fr 06:00-23:00, Sa,Su 09:00-20:00",,,unknown,52.4371567,13.5467803,4797313796,node,OSM Overpass,
Premium Ems Personal Training,fitness_centre,,,,Berlin,,,,unknown,52.5688823,13.399697,4809992562,node,OSM Overpass,
Ki-Haus,fitness_centre,Wollankstraße,6,13187.0,Berlin,"""depending on course program""",,,no,52.5680064,13.3984173,4812222804,node,OSM Overpass,
DocOrtho,fitness_centre,,,,Berlin,Mo-Fr 08:00-18:00,+49 30 220021802,https://docortho.de/,unknown,52.5191433,13.389102,4815247561,node,OSM Overpass,
Peace Yoga Berlin,fitness_centre,Glogauer Straße,19,10999.0,Berlin,,,,unknown,52.4919236,13.4366613,4819499443,node,OSM Overpass,
JOHN REED Fitness,fitness_centre,Brunnenstraße,105-109,13355.0,Berlin,06:00-24:00,+49 30 46798140,https://johnreed.fitness/club-berlin-gesundbrunnen,yes,52.5479608,13.389607,4825870145,node,OSM Overpass,
SprachCafe,fitness_station,Schulzestraße,1,,Berlin,,,,unknown,52.5654361,13.3939889,4836677035,node,OSM Overpass,
Bikram Yoga Berlin-Mitte,fitness_centre,Krausnickstraße,23,10115.0,Berlin,,,,unknown,52.5248995,13.3957917,4849302124,node,OSM Overpass,
McFit,fitness_centre,Goerzallee,188,14167.0,Berlin,24/7,,,unknown,52.4183617,13.2879531,4861464949,node,OSM Overpass,
Fitbox,fitness_centre,Grünberger Straße,62,10245.0,Berlin,"Mo-Fr 09:00-20:00, Sa 09:00-16:00",+49 30 51304836,,limited,52.5115029,13.4575495,4908049913,node,OSM Overpass,
FEEL THE BARRE,fitness_centre,Bötzowstraße,26,10407.0,Berlin,"Mo 08:00-13:10, 17:00-21:30; Tu 07:00-13:55, 17:00-20:25; We 07:45-14:15, 17:00-21:35; Th 07:00-13:45, 16:00-21:35; Fr 07:30-13:55, 16:00-21:35; Sa 09:30-12:55, 16:00-20:35; Su 09:30-12:55, 16:00-20:40",,,no,52.5312652,13.4339006,5001635832,node,OSM Overpass,
Mrs. Sporty,fitness_centre,,,,Berlin,,,https://www.mrssporty.de/club/berlin-kudamm-charlottenburg/,unknown,52.4978459,13.3002669,5051041622,node,OSM Overpass,
Yoga Vidya Center Berlin-Wilmersdorf,fitness_centre,Pfalzburger Straße,43,10717.0,Berlin,,,,unknown,52.4894447,13.3213517,5082292600,node,OSM Overpass,
Active Ladies,fitness_centre,Zingster Straße,4,13051.0,Berlin,,+49 30 36 74 50 60,http://www.active-ladies.de,unknown,52.5648847,13.5039111,5147968721,node,OSM Overpass,
Power Factory GmbH,fitness_centre,Tangermünder Straße,129,12627.0,Berlin,,,https://www.powerfactory-berlin.de/,unknown,52.5377691,13.609346,5248623193,node,OSM Overpass,
Ladycompany,fitness_centre,,,,Berlin,"Mo-Fr 08:00-22:00; Sa,Su 10:00-20:00; PH 10:00-16:00",,http://www.ladycompany.de/frauenfitness-studios-berlin/,unknown,52.5419445,13.5421497,5248861547,node,OSM Overpass,
Tayopi,fitness_centre,Sonnenallee,147,12059.0,Berlin,,,,unknown,52.4789617,13.4460611,5321891322,node,OSM Overpass,
Holmes Place,fitness_centre,,,,Berlin,,,,unknown,52.485211,13.4214152,5337021037,node,OSM Overpass,
Yoga,fitness_centre,,,,Berlin,,+49 162 65828241,,unknown,52.5530222,13.4017754,5339159802,node,OSM Overpass,
Yoga Barn,fitness_centre,Münsterlandstraße,5,10317.0,Berlin,Mo 08:30-21:30; Tu 08:00-21:30; We 06:30-21:30; Th 07:30-21:30; Fr 07:00-21:30; Sa 10:30-19:30; Su 10:30-21:00,,,unknown,52.505358,13.4889231,5348822589,node,OSM Overpass,
sportraum bs,fitness_centre,,,,Berlin,,,https://www.sportraum-berlin.de/,unknown,52.4847501,13.3359151,5396107633,node,OSM Overpass,
Slim-Gym Club,fitness_centre,Chausseestraße,51,10115.0,Berlin,"Mo,Tu,Th,Fr 08:00-20:00; We 12:00-20:00; Sa 10:00-15:00",+49 30 30881255,https://www.slim-gym.de/,yes,52.5354955,13.3772335,5424563451,node,OSM Overpass,
FitX,fitness_centre,Oraniendamm,6-10,13469.0,Berlin,24/7,,,unknown,52.607932,13.3254356,5443162245,node,OSM Overpass,
FitX,fitness_centre,,,,Berlin,Mo-Su 00:00-24:00,,,unknown,52.4538703,13.3874764,5525155938,node,OSM Overpass,
Argo Athletics,fitness_centre,Mühlenstraße,62;63;64;65,13187.0,Berlin,,,https://www.argo-athletics.de/,unknown,52.5642337,13.4095229,5552228830,node,OSM Overpass,
Evo Berlin Rosa,fitness_centre,Rosa-Luxemburg-Straße,14,10178.0,Berlin,"PH,Mo-Su 06:00-23:00",,,no,52.524584,13.410259,5656522305,node,OSM Overpass,
Berlin Hot Yoga,fitness_centre,,,,Berlin,,,,unknown,52.5079023,13.4695348,5659022957,node,OSM Overpass,
Boxsport Berlin e.V.,fitness_centre,,,,Berlin,Mo-Fr 14:30-22:00,,,unknown,52.4965751,13.3611761,5718697030,node,OSM Overpass,
Casa Flow Studios,fitness_centre,Suarezstraße,13,14057.0,Berlin,,,,unknown,52.5080622,13.295478,5730290887,node,OSM Overpass,
Mrs. Sporty,fitness_centre,,,,Berlin,Mo-Su 06:00-22:00,,,no,52.5133825,13.2651845,5796921707,node,OSM Overpass,
Casa de Quilombo,fitness_centre,,,,Berlin,,,,unknown,52.5649347,13.4101265,5825069584,node,OSM Overpass,
Unknown Gym,fitness_centre,,,,Berlin,,,,unknown,44.2280892,-72.5514887,5901750491,node,OSM Overpass,
Just Fit,fitness_centre,Steinstraße,5,10119.0,Berlin,,,,no,52.5266763,13.4062541,5913018282,node,OSM Overpass,
Mrs. Sporty,fitness_centre,Rostocker Straße,15,13059.0,Berlin,,,https://www.mrssporty.de/club/berlin-wartenberg/,unknown,52.5745393,13.5096069,5916346085,node,OSM Overpass,
Kreuzberg Yoga,fitness_centre,Lübbener Straße,9,10997.0,Berlin,,,,unknown,52.4989674,13.437719,5980998064,node,OSM Overpass,
Zentrum für Yoga und Stimme,fitness_centre,Paul-Lincke-Ufer,30,10999.0,Berlin,,,,unknown,52.4955816,13.426096,5981095822,node,OSM Overpass,
Fitbox,fitness_centre,Karl-Marx-Straße,108,12043.0,Berlin,Mo-Fr 09:00-20:00; Sa 09:00-16:00,,,yes,52.4788359,13.4373568,5985950308,node,OSM Overpass,
Clever fit,fitness_centre,Martin-Buber-Straße,12,14163.0,Berlin,Mo-Fr 06:00-23:00; Sa-Su 09:00-20:00,+49 3080582180,https://www.clever-fit.com/fitness-studios/clever-fit-berlin-zehlendorf/,unknown,52.4350839,13.2582451,6006913091,node,OSM Overpass,
iyengaryoga,sports_centre,,,,Berlin,,,,no,52.5217464,13.4465225,6027199452,node,OSM Overpass,
FitX,fitness_centre,Tamara-Danz-Straße,11,10243.0,Berlin,24/7,,,unknown,52.5058788,13.4455578,6029322205,node,OSM Overpass,
FitX,fitness_centre,Oderbruchstraße,14,10369.0,Berlin,24/7,+49 201 8067457200,,unknown,52.5304776,13.4617302,6141321914,node,OSM Overpass,
Paramount Fitness,fitness_centre,Puderstraße,8,12435.0,Berlin,"Mo,We,Fr 10:00-22:00; Tu,Th 08:00-22:00; Sa-Su 10:00-18:00",+49 30 5300747-8,https://paramount-fitness.de/,unknown,52.4845339,13.4625301,6217415536,node,OSM Overpass,
Iyengar Yoga Zentrum,fitness_centre,Hochkirchstraße,9/2,10829.0,Berlin,,,https://www.iyengar-yoga-zentrum-berlin.de/,no,52.4905624,13.3694456,6245373115,node,OSM Overpass,
taohealth,fitness_centre,Wittelsbacherstraße,37,10707.0,Berlin,,,https://www.taohealth.de/standorte.html,unknown,52.4937501,13.3172922,6249985337,node,OSM Overpass,
FitX,fitness_centre,Weißenhöher Straße,108,12683.0,Berlin,24/7,,https://www.fitx.de/studio/berlin-biesdorf,unknown,52.5062441,13.5602985,6261885939,node,OSM Overpass,
Gelber Raum,fitness_centre,Mariannenstraße,48,10997.0,Berlin,,,https://yellow-yoga.com/,unknown,52.5007181,13.4239752,6269985404,node,OSM Overpass,
Yoga Pankow,fitness_centre,,,,Berlin,,,http://www.yoga-pankow.de/,unknown,52.5484219,13.4096666,6287061378,node,OSM Overpass,
Afra Senter,fitness_centre,,,,Berlin,,,https://afrasentner.de/,unknown,52.5530718,13.4037515,6339499872,node,OSM Overpass,
Lotos Yoga,fitness_centre,,,,Berlin,,,,no,52.5136199,13.4627564,6357893262,node,OSM Overpass,
Fitbox,fitness_centre,Bölschestraße,45,12587.0,Berlin,Mo-Fr 08:30-21:00; Sa 10:00-16:00,+493064958262,,no,52.4528952,13.6253449,6388113852,node,OSM Overpass,
Urban Street Gym,fitness_centre,Bouchéstraße,12,12435.0,Berlin,Mo-Sa 10:00-20:00,,,unknown,52.4938947,13.4487446,6398137732,node,OSM Overpass,
Fitness First,fitness_centre,Frankfurter Allee,57,,Berlin,Mo-Sa 07:00-22:00,,,no,52.5148233,13.465678,6414803768,node,OSM Overpass,
Slim-Gym,fitness_centre,Alt-Moabit,92,10559.0,Berlin,"Mo,Tu,Th,Fr 08:00-20:00; We 12:00-20:00; Sa 10:00-14:00; Su off",,,no,52.5250018,13.3445657,6415868985,node,OSM Overpass,
skyfit-Club,fitness_centre,Hellersdorfer Straße,83,12619.0,Berlin,Mo-Fr 07:00-22:00; Sa-Su 09:00-20:00; PH 09:00-20:00,+49 30 56493956,https://www.skyfit-club.de/hellersdorf/,yes,52.5231862,13.5864319,6421090392,node,OSM Overpass,
Fitnessstudio TU Sport,fitness_centre,Straße des 17. Juni,145,10623.0,Berlin,Mo-Fr 08:30-23:00; Sa 11:30-21:15; Su 10:30-20:16,,,unknown,52.5122911,13.3238482,6447122889,node,OSM Overpass,
Dharma Yoga,fitness_centre,Kienitzer Straße,98,12049.0,Berlin,,,,unknown,52.4763605,13.4254971,6451531078,node,OSM Overpass,
Steglitzer Dance & Aerobic Center,fitness_centre,Lepsiusstraße,14,12163.0,Berlin,"""Kurstermine""",,https://www.sdac.de/,unknown,52.464957,13.3210363,6458744287,node,OSM Overpass,
Aum Yoga Studio,fitness_centre,Nassauische Straße,62,10717.0,Berlin,,,,unknown,52.4927896,13.3268218,6469985311,node,OSM Overpass,
McFit,fitness_centre,Altonaer Straße,59-61,13581.0,Berlin,24/7,+493035104984,http://www.mcfit.com/,unknown,52.5318788,13.1874325,6497580485,node,OSM Overpass,
Fit Star,fitness_centre,Turmstraße,29,10551.0,Berlin,24/7,,,unknown,52.5265415,13.341843,6508696785,node,OSM Overpass,
John & Jane‘s,fitness_centre,Rosenthaler Straße,63,,Berlin,,,,unknown,52.5279738,13.4029924,6550896785,node,OSM Overpass,
Clever fit,fitness_centre,Helene-Weigel-Platz,5,12681.0,Berlin,,,,unknown,52.5281086,13.5389857,6563440585,node,OSM Overpass,
FIT/ONE,fitness_centre,Müllerstraße,35,13353.0,Berlin,Mo-Su 06:00-00:00,+49 30 45028220,https://www.fit-one.de/berlin-wedding.html,unknown,52.5490334,13.3551586,6586374601,node,OSM Overpass,
Green Yoga,fitness_centre,Sredzkistraße,59,10405.0,Berlin,,,https://greenyoga.co/studio,unknown,52.5379127,13.4213383,6693475018,node,OSM Overpass,
Green Yoga,fitness_centre,Dietzgenstraße,56,13156.0,Berlin,Mo-Su 08:00-21:00,,,yes,52.5858073,13.4027986,6757633586,node,OSM Overpass,
Studio Glücksmama,fitness_centre,Döringstraße,2,10245.0,Berlin,Mo-Fr 09:00-18:00,,https://glücksmama.de,unknown,52.5063988,13.4623488,6759112267,node,OSM Overpass,
Fit/One,fitness_centre,Bautzener Straße,20-24,10829.0,Berlin,"PH,Mo-Su 06:00-24:00",,https://www.fit-one.de,yes,52.492162,13.3713067,6789070129,node,OSM Overpass,
Sportetage,fitness_centre,Audre-Lorde-Straße,74,10997.0,Berlin,,,,unknown,52.5000182,13.4263004,6841151512,node,OSM Overpass,
Casa FLOW,fitness_centre,Prenzlauer Allee,38,10405.0,Berlin,,,,unknown,52.5350799,13.4222794,6853266785,node,OSM Overpass,
Iyengar Yoga,fitness_centre,Krumme Straße,61,10627.0,Berlin,,,,unknown,52.5094167,13.3097604,6899045752,node,OSM Overpass,
Forde Fitness,fitness_centre,Stresemannstraße,65,10963.0,Berlin,,,,unknown,52.5025396,13.3844025,7006749859,node,OSM Overpass,
Yoga im Gartenstudio,fitness_centre,,,,Berlin,,,,no,52.4790244,13.4518778,7057578051,node,OSM Overpass,
FitX,fitness_centre,Hauptstraße,141,10827.0,Berlin,24/7,,,unknown,52.4855668,13.3556988,7066762906,node,OSM Overpass,
InLight Yoga,fitness_centre,Hufelandstraße,23,10407.0,Berlin,,,,limited,52.5316555,13.4329339,7069825849,node,OSM Overpass,
EMS Sport und Bewegung,fitness_centre,Hufelandstraße,23,10407.0,Berlin,Mo-Fr 08:00-20:00; Sa 09:00-15:00,,,limited,52.5317118,13.432789,7069825850,node,OSM Overpass,
Makeda,fitness_centre,Pasteurstraße,20,10407.0,Berlin,,,,unknown,52.5331143,13.4340409,7095755738,node,OSM Overpass,
CrunchFit,fitness_centre,Pankstraße,32-39,,Berlin,"Mo-Su,PH 06:00-24:00",,,no,52.5494998,13.3778323,7133818467,node,OSM Overpass,
American Fitness,fitness_centre,Hermannplatz,10,10967.0,Berlin,"Mo-Fr 07:00-23:00; Sa, Su 08:00-22:00; PH 10:00-20:00",+49 30 69807090,http://american-fitness.org/berlin,unknown,52.4880071,13.4241071,7161037005,node,OSM Overpass,
Kindersport Sven Bora,fitness_centre,Dietrich-Bonhoeffer-Straße,17a,10407.0,Berlin,,,,unknown,52.5336363,13.4361377,7194124792,node,OSM Overpass,
yogi,fitness_centre,Dietrich-Bonhoeffer-Straße,17a,10407.0,Berlin,,,,unknown,52.5336164,13.4361912,7194124793,node,OSM Overpass,
yogaraum Am Richardplatz,fitness_centre,Hertzbergstraße,27,,Berlin,,,,unknown,52.4758032,13.4467666,7231134046,node,OSM Overpass,
Mrs. Sporty,fitness_centre,Hauptstraße,101B,13158.0,Berlin,,,,unknown,52.5954367,13.3746045,7239669952,node,OSM Overpass,
TSX Sportsclub,fitness_centre,,,,Berlin,,,,limited,52.50798,13.4668695,7252377721,node,OSM Overpass,
Formwandler,fitness_centre,Dunckerstraße,21,10437.0,Berlin,Mo-Fr 08:00-21:00; Sa-Su 10:00-15:00; PH off,,,unknown,52.5439907,13.4223608,7272720758,node,OSM Overpass,
Via Pilates,fitness_centre,Dunckerstraße,84,10437.0,Berlin,"""nach telefonischer Vereinbarung""",,,unknown,52.5416201,13.419718,7275474348,node,OSM Overpass,
House of Healing,fitness_centre,Dunckerstraße,70,10437.0,Berlin,"Fr,Sa 12:00-19:00; Mo,We 13:00-19:00; Tu 13:00-18:00; Th 12:00-17:00",,https://houseofhealingberlin.com,no,52.5450586,13.4228163,7279178744,node,OSM Overpass,
YogaCircle,fitness_centre,Schliemannstraße,22,10437.0,Berlin,,,,unknown,52.5445551,13.4207853,7279405008,node,OSM Overpass,
Sotantar,yoga,Schliemannstraße,25a,10437.0,Berlin,"Mo, Tu, Th, Fr 11:00-19:00; Sa 11:00-15:00",,,unknown,52.544994,13.4208589,7279495026,node,OSM Overpass,
fit & feminin,fitness_centre,Fürstenwalder Allee,318,12589.0,Berlin,,,,unknown,52.4313095,13.7153681,7296568749,node,OSM Overpass,
My Sports,fitness_centre,Danziger Straße,69,10435.0,Berlin,"Mo-We 08:00-14:00,16:00-20:30; Th 08:00-14:00,16:00-20:00; Fr 08:00-20:00; Sa 10:00-15:00",,,yes,52.5395343,13.4235503,7311293615,node,OSM Overpass,
EMS Training Berlin,fitness_centre,,,,Berlin,"Mo,We,Fr 10:00-20:00; Tu,Th 13:00-20:00; Sa 10:00-14:00",,http://www.ems-training-berlin.de/,unknown,52.475808,13.3246233,7544210933,node,OSM Overpass,
Oma Om Yoga,fitness_centre,Richardstraße,43,12055.0,Berlin,,,,unknown,52.4734928,13.4452931,7553701884,node,OSM Overpass,
Fitbox,fitness_centre,Rheinstraße,17,12159.0,Berlin,Mo-Fr 08:00-20:30; Sa 09:00-16:00,,https://fitbox.de/de/studios/fitbox-berlin-friedenau,unknown,52.4694551,13.332784,7554171386,node,OSM Overpass,
Blue Panta,fitness_centre,Transvaalstraße,11,13351.0,Berlin,"Mo-Th 07:30-11:30,18:00-22:00; Fr 07:30-11:30,18:00-20:30; Sa 10:00-14:00; Su 10:00-19:30",,,unknown,52.5527066,13.3424248,7623775571,node,OSM Overpass,
Yogazeit Stråla,fitness_centre,Hauptstraße,69,12159.0,Berlin,,+49 163 6661164,https://yogazeit-berlin.de/,yes,52.4758116,13.3401936,7640755748,node,OSM Overpass,
Yogavihar,fitness_centre,,,,Berlin,,,,no,52.5162635,13.3044631,7650571611,node,OSM Overpass,
Entspannt mit Yoga,fitness_centre,Beckerstraße,9,12157.0,Berlin,"""Unterschiedlicher Kursplan""",+49 151 40450738,https://www.entspannt-mit-yoga.de/,no,52.4670632,13.3396573,7680118565,node,OSM Overpass,
Raum für Bewegung Quan Dao,fitness_centre,Niedstraße,12,12159.0,Berlin,,+49 172 3976033,https://www.quandao-raum.de/,no,52.4726259,13.3324358,7683719224,node,OSM Overpass,
Akademie für Yoga Berlin,fitness_centre,Wilhelmshöher Straße,5,12161.0,Berlin,,,https://triyoga-akademie.de,unknown,52.4726648,13.3259026,7749923385,node,OSM Overpass,
Donna Mobile,fitness_centre,Rheinstraße,46,12161.0,Berlin,,,https://www.donnamobile.de/,unknown,52.4667964,13.3306922,7776107176,node,OSM Overpass,
Flow Fitness,fitness_centre,Fregestraße,11,12159.0,Berlin,,+49 30 24329828,https://www.flowfitness.info/,unknown,52.4702542,13.3370775,7776239760,node,OSM Overpass,
Peronal Pilates,fitness_centre,Wilhelmshöher Straße,20,12161.0,Berlin,"""Termine nach Vereinbarung""",,,unknown,52.4723634,13.3231711,7777530626,node,OSM Overpass,
CrossFit,fitness_centre,Berliner Straße,30,10715.0,Berlin,,,https://hauptstadt-crossfit.de/,unknown,52.4867414,13.3236197,7804846347,node,OSM Overpass,
Sarasvati Yoga Berlin,fitness_centre,Bundesallee,53,10715.0,Berlin,,,,unknown,52.4822505,13.329427,7821177808,node,OSM Overpass,
Health Gym Berlin,fitness_centre,,,,Berlin,,,,unknown,52.508509,13.5599114,7836953685,node,OSM Overpass,
Ashtanga Yoga Schule,fitness_centre,,,,Berlin,,,,unknown,52.4945812,13.3577898,7850361039,node,OSM Overpass,
Mrs. Sporty,fitness_centre,Winsstraße,42,10405.0,Berlin,Mo-Su 06:00-22:00,+49 30 30026644,https://www.mrssporty.de/club/berlin-prenzlauerberg-winsstrasse/,no,52.536809,13.4277953,7867810048,node,OSM Overpass,
Pour la danse,dance,Reinhardtstraße,47,10117.0,Berlin,,,,unknown,52.5219701,13.3785398,7888120846,node,OSM Overpass,
Honigseele,yoga,,,,Berlin,,,,unknown,52.4941125,13.3829359,7931581679,node,OSM Overpass,
Strom-Linien,fitness_centre,Prinzregentenstraße,42,10715.0,Berlin,,,https://www.ems-studio-berlin.de/,unknown,52.4792746,13.3325115,8042827117,node,OSM Overpass,
Ready Set Move – Personal Training Berlin,fitness_centre,Schönhauser Allee,134,10437.0,Berlin,Mo-Fr 08:00-20:00,+49 17621964450,https://ready-set-move.de,unknown,52.5444176,13.4118011,8066147155,node,OSM Overpass,
Fitbox,fitness_centre,,,,Berlin,Mo-Fr 09:00-20:00; Sa 09:00-16:00,,,unknown,52.4909974,13.3313311,8077205619,node,OSM Overpass,
Kessler Sports,fitness_centre,,,12167.0,Berlin,"Mo,We,Fr 13:00-20:00; Tu,Th 10:00-20:00; Sa 10:00-14:00; PH,Su off",,,unknown,52.4526924,13.3304973,8091797796,node,OSM Overpass,
Sporteve,fitness_centre,Laubacher Straße,12,14197.0,Berlin,Mo-Su 07:00-21:00,,https://www.sporteve.de/clubs/berlin-friedenau/,unknown,52.4709457,13.3202746,8094802649,node,OSM Overpass,
Fitness First Ladies,fitness_centre,,,,Berlin,,,,unknown,52.4575255,13.3208065,8120989341,node,OSM Overpass,
Pilates On The Go,fitness_centre,Wiesbadener Straße,79,12161.0,Berlin,,,,unknown,52.4714277,13.320908,8143925996,node,OSM Overpass,
Rocycle,fitness_centre,,,,Berlin,,,,unknown,52.5005866,13.3103661,8197441972,node,OSM Overpass,
pilaME,fitness_centre,Homuthstraße,6,12161.0,Berlin,,,https://pila-me.de/,unknown,52.4703204,13.3231656,8199219273,node,OSM Overpass,
Praxis für die Seele,fitness_centre,Bundesallee,123,12161.0,Berlin,,,http://praxis-fuer-die-seele.eu,unknown,52.4697929,13.3289566,8222836706,node,OSM Overpass,
Yoga Glück,fitness_centre,Hackenbergstraße,7,12489.0,Berlin,,,https://www.yoga-glueck-berlin.de,unknown,52.4395292,13.5479174,8231100116,node,OSM Overpass,
Fitnessclub Vitalis,fitness_centre,Zerpenschleuser Ring,37,13439.0,Berlin,Mo-Fr 07:00-22:00; Sa-Su 10:00-20:00,+49 30 415 38 80,https://www.fitnessclub-vitalis.de/,unknown,52.6048775,13.3673041,8330198881,node,OSM Overpass,
Hundred & Friends,fitness_centre,Berliner Straße,161,10715.0,Berlin,"Mo-Fr 16:00-20:00, Tu,Th 10:00-18:00+",,https://www.lifekosmetik.com/,unknown,52.4877092,13.3345576,8422865852,node,OSM Overpass,
FIT/ONE,fitness_centre,Hansastraße,236,13051.0,Berlin,Mo-Su 06:00-24:00,,,unknown,52.5603992,13.4984219,8462294818,node,OSM Overpass,
Centerline Pilates,fitness_centre,,,,Berlin,,+49 176 20 21 22 24,https://www.centerline-pilates.de/,unknown,52.5535695,13.4052242,8558365378,node,OSM Overpass,
Fitbox,fitness_centre,Prenzlauer Allee,207,10405.0,Berlin,Mo-Fr 08:00-20:30; Sa 09:00-16:00,,,unknown,52.5371215,13.4225943,8621664469,node,OSM Overpass,
ride-berlin.com,fitness_centre,,,,Berlin,,,,unknown,52.5399323,13.4177211,8622816454,node,OSM Overpass,
Iyengar Yoga,fitness_centre,,,,Berlin,,,,unknown,52.5110332,13.2913584,8626109382,node,OSM Overpass,
Schule für Yoga und Prana,fitness_centre,Innsbrucker Straße,56,10825.0,Berlin,,,https://muenzeryoga.jimdofree.com/,unknown,52.4872648,13.3407554,8637655134,node,OSM Overpass,
Soulsport Yoga,fitness_centre,Gubener Straße,47,10243.0,Berlin,,,https://www.soulsport.net/,unknown,52.5121345,13.4485371,8662502304,node,OSM Overpass,
"pilatique, Pilatesstudio",fitness_centre,,,,Berlin,"""nach Vereinbarung""",+49 30 57704087,https://pilatique.de/,no,52.5492037,13.3471371,8679795668,node,OSM Overpass,
Yoga für alle,yoga,,,,Berlin,,+49 30 7875496,https://www.yogafueralle.de,unknown,52.4555537,13.3298931,8744170510,node,OSM Overpass,
Be Your Star Fitnesscoaching,fitness_centre,Joachim-Friedrich-Straße,41,10711.0,Berlin,,+49 171 2697356,https://www.be-your-star.berlin/,unknown,52.4990796,13.2960862,8839649644,node,OSM Overpass,
Iyengar,fitness_centre,,,,Berlin,,,,unknown,52.4825358,13.3816579,8989690901,node,OSM Overpass,
X-Step,fitness_centre,Tempelhofer Ufer,36,10963.0,Berlin,16:00-18:00,+49 30 2616925,,unknown,52.500659,13.3756597,9067697047,node,OSM Overpass,
Unknown Gym,fitness_centre,Oranienburger Straße,110,13437.0,Berlin,,,,unknown,52.6010328,13.331864,9258064630,node,OSM Overpass,
BiSee Yoga,fitness_centre,Bizetstraße,43,13088.0,Berlin,,,https://bisee-yoga.de,no,52.5478641,13.4534306,9402426708,node,OSM Overpass,
Bodystreet,fitness_centre,Bismarckstraße,70,12157.0,Berlin,Mo-Fr 09:00-20:30,+49 30 79014869,https://www.bodystreet.com/de/studio/bodystreet-berlin-bismarckstrasse,unknown,52.4623323,13.3395351,9404573372,node,OSM Overpass,
Fitbox,fitness_centre,Berliner Allee,108,13088.0,Berlin,Mo-Fr 10:00-21:00; Sa 10:00-16:00,+49 30 40569210,https://fitbox.de/de/studios/fitbox-berlin-weissensee,unknown,52.5500839,13.4596077,9431775959,node,OSM Overpass,
Sonne Mond & Sterne,fitness_centre,Meyerbeerstraße,59,13088.0,Berlin,signed=no,,https://sonnemondundsterne-weissensee.jimdofree.com/,unknown,52.5476997,13.4572285,9504311194,node,OSM Overpass,
PRO-STAGE,fitness_centre,,,,Berlin,,+49 30 61209261,https://prostage.berlin/,unknown,52.4939117,13.3982992,9524144982,node,OSM Overpass,
LovFit,fitness_centre,,,,Berlin,24/7,,,unknown,52.508465,13.2726237,9529221826,node,OSM Overpass,
Middendorf Yoga,yoga,Karl-Marx-Straße,92-98,12043.0,Berlin,,,,unknown,52.4798838,13.4359448,9563056748,node,OSM Overpass,
JOHN REED Fitness,fitness_centre,Wilmersdorfer Straße,126-127,10627.0,Berlin,"Mo-Su,PH 06:00-24:00",+49 30 31800437,https://johnreed.fitness/club-berlin-charlottenburg,no,52.5097577,13.306013,9592884391,node,OSM Overpass,
MO.VE,fitness_centre,Kissinger Straße,9,12157.0,Berlin,,,,unknown,52.462798,13.3408491,9632071018,node,OSM Overpass,
Peace Yoga Berlin,fitness_centre,Eisenbahnstraße,5,10997.0,Berlin,,,https://www.peaceyoga.de,unknown,52.5016941,13.432989,9662767223,node,OSM Overpass,
Bodystreet,fitness_centre,Berliner Straße,2,13187.0,Berlin,Fr 09:30-15:00; Mo-Th 09:30-20:30,,,no,52.5702216,13.4103995,9708780370,node,OSM Overpass,
Ladycompany - Fitness für Frauen,fitness_centre,Spandauer Straße,4,10178.0,Berlin,"Mo-Fr 08:00-22:00; Sa,Su 10:00-20:00",+493024020677,https://www.ladycompany.de/,unknown,52.5209499,13.4041015,9728794514,node,OSM Overpass,
Tapout Fitness Berlin,fitness_centre,,,,Berlin,,,,unknown,41.6423742,-72.7304574,9734045042,node,OSM Overpass,
yogafürdich Berlin,fitness_centre,,,,Berlin,,,,unknown,52.515338,13.4656869,9775820813,node,OSM Overpass,
dein Pilates,fitness_centre,,,,Berlin,,,,unknown,52.5527342,13.4109373,9806604950,node,OSM Overpass,
Corpus Dicio,fitness_centre,,,,Berlin,,,,unknown,52.5104148,13.2922362,9816576692,node,OSM Overpass,
Bunker Berlin,fitness_centre,Grünberger Straße,54,10245.0,Berlin,24/7,,,unknown,52.511239,13.4558403,9830837796,node,OSM Overpass,
Lotos Yoga Berlin - YOGA LOFT,fitness_centre,Scharnweberstraße,30,,Berlin,,+49 30 91544928,https://yoga-lotos.de/,unknown,52.5133709,13.4633274,9846635117,node,OSM Overpass,
AXT CrossFit,fitness_centre,Hauptstraße,13,10317.0,Berlin,"Mo-Fr 07:00-08:00,12:00-13:00,15:00-21:30; Sa 09:00-14:00; Su 11:00-15:00",+4915792465440,https://www.axtcrossfit.com/,unknown,52.4919528,13.489293,9852432518,node,OSM Overpass,
Unknown Gym,fitness_centre,Storkower Straße,225,10367.0,Berlin,,,,unknown,52.5232792,13.4769045,9867335575,node,OSM Overpass,
Fitness am Park,fitness_centre,Elsenstraße,113,,Berlin,Mo-Fr 07:00-22:00; Sa 09:00-17:00; Su 09:00-20:00,+49 30 5363800,https://www.activ-fitness-deutschland.de/berlin-treptow.html,unknown,52.4913483,13.4575706,9906919513,node,OSM Overpass,
FitnessCenter aTB,fitness_centre,Am Tempelhofer Berg,6,,Berlin,"Mo, We, Fr 07:00-22:00; Tu, Th 09:00-22:00; Sa 10:00-20:00; Su 10:00-18:00",+49 30 693 40 40,https://www.fitnesscenter-atb.com/,unknown,52.4888923,13.387549,9906938038,node,OSM Overpass,
AllStar Gym,fitness_centre,Leipziger Platz,12,10117.0,Berlin,,+49 30 94051670,https://allstargym.de/,unknown,52.5104581,13.3813194,9928786051,node,OSM Overpass,
mPointUp,fitness_centre,,,,Berlin,,,,unknown,52.5646061,13.4095769,9985456517,node,OSM Overpass,
Lokai Loft,fitness_centre,,,,Berlin,06:00-22:00,,,unknown,52.4908896,13.30329,10000479377,node,OSM Overpass,
Future Fit,fitness_centre,Schönhauser Allee,57,10437.0,Berlin,"Mo-Fr 09:00-19:00, Sa by arrangement",,,no,52.5438448,13.4127951,10035842242,node,OSM Overpass,
Bodystreet,fitness_centre,Prenzlauer Allee,88,,Berlin,,,,limited,52.544999,13.4279151,10045257318,node,OSM Overpass,
Arcoverde Pilates Zentrum,fitness_centre,Cantianstraße,11,10437.0,Berlin,,+49 30 40301875,http://pilatesinberlin.de,unknown,52.544723,13.4111529,10056214905,node,OSM Overpass,
Marion Röhrig Pilates,fitness_centre,Heinrich-Roller-Straße,24,10405.0,Berlin,,,,unknown,52.5313866,13.4215563,10100682968,node,OSM Overpass,
Pantarei Approach,fitness_centre,Winsstraße,60,10405.0,Berlin,,,www.learnpantarei.com,limited,52.5335247,13.4247709,10100813297,node,OSM Overpass,
Twenty Minutes Fitness Lounge,fitness_centre,Stubenrauchstraße,1,12161.0,Berlin,,,https://twentyminutes-fitness.jimdo.com/,unknown,52.4690894,13.3279458,10121509310,node,OSM Overpass,
Indiv Sports,fitness_centre,Schützenstraße,16,,Berlin,,+4915224261916,www.indivsports.de,no,52.4532489,13.3223719,10124188468,node,OSM Overpass,
Crunch Fit Studio Berlin-Schöneberg,fitness_centre,Bessemerstrasse,57-75,12103.0,Berlin,Mo-Su 06:00-24:00,+49 30 586 155 690,https://www.crunchfit.de/studio/berlin-schoeneberg/,unknown,52.462578,13.3674509,10131167926,node,OSM Overpass,
Little Yoga Store,yoga,Goltzstraße,,10781.0,Berlin,"Mo-Tu, Th-Fr 11:00-18:00; Sa 12:00-16:00",,,no,52.4907384,13.353034,10162590418,node,OSM Overpass,
stromtown,fitness_centre,,,,Berlin,,,,unknown,52.4978481,13.3266094,10248360663,node,OSM Overpass,
Beat81,fitness_centre,Dircksenstraße,99,10178.0,Berlin,,,,unknown,52.5187846,13.415099,10282680110,node,OSM Overpass,
Getimpulse,fitness_centre,Heidestraße,12,,Berlin,,,,yes,52.531081,13.3680776,10293894600,node,OSM Overpass,
Hatha-Yoga,yoga,Ludolfingerplatz,5,13465.0,Berlin,,,,unknown,52.6317384,13.2884156,10314370066,node,OSM Overpass,
Die Schönebergerin,fitness_centre,Grunewaldstraße,86,10823.0,Berlin,Mo-Th 08:00-20:30; Fr 08:00-19:30; Sa 08:30-15:00,,,unknown,52.4900692,13.3559651,10314570434,node,OSM Overpass,
Classic Crossfit,fitness_centre,Mecklenburgische Straße,24a,14197.0,Berlin,,,https://www.classic-crossfit.de,unknown,52.4794998,13.3102202,10594955331,node,OSM Overpass,
Fitbox,fitness_centre,,,,Berlin,,,,unknown,52.5472139,13.4129051,10609414411,node,OSM Overpass,
Warias Kosmetik & Yoga,fitness_centre,,,,Berlin,,,https://wariaskosmetik.de,unknown,52.5057198,13.2963353,10648363519,node,OSM Overpass,
Crunch Fit,fitness_centre,Weißenseer Weg,112,10369.0,Berlin,Mo-Su 06:00-24:00,,https://crunchfit.de/dein-studio/berlin-lichtenberg/,unknown,52.5268844,13.4787593,10675679016,node,OSM Overpass,
VitalInn,fitness_centre,,,,Berlin,"Mo-Fr 08:00-22:00; Sa,Su 09:00-16:00",,,unknown,52.5384092,13.4876781,10702130505,node,OSM Overpass,
Vibra Fitness Lounge,fitness_centre,,,,Berlin,,,,unknown,52.4469431,13.623723,10727283773,node,OSM Overpass,
Fitness By Design,fitness_centre,,,,Berlin,,,,unknown,41.6340365,-72.76591,10760911520,node,OSM Overpass,
Feldenkrais & QiGong,fitness_centre,,,,Berlin,,+49 172 3824268,https://www.anne-barthelmess.de,no,52.5084656,13.3115118,10780033147,node,OSM Overpass,
Beyond Reformer,fitness_centre,,,,Berlin,,,,unknown,52.5328415,13.3984802,10784895518,node,OSM Overpass,
Krav Maga Berlin Headquarters,fitness_centre,Bergstraße,93,12169.0,Berlin,,,,unknown,52.4585685,13.3274238,10788867287,node,OSM Overpass,
Fitness Unlimited,fitness_centre,Uhlandstraße,194,10623.0,Berlin,,,https://www.activ-fitness-deutschland.de/fitness-unlimited/,unknown,52.5069366,13.326358,10792875944,node,OSM Overpass,
Bodystreet,fitness_centre,,,,Berlin,,,,no,52.4538251,13.3160563,10797454234,node,OSM Overpass,
yogibar,fitness_centre,,,,Berlin,,,,unknown,52.5311208,13.4306675,10802968151,node,OSM Overpass,
FitX,fitness_centre,Otto-Schmirgal-Straße,7,10319.0,Berlin,24/7,,https://www.fitx.de/fitnessstudios/berlin-tierpark,unknown,52.4976583,13.5221442,10804733989,node,OSM Overpass,
FitX,fitness_centre,Wilhelm-Kabus-Straße,77,10829.0,Berlin,24/7,+49 30 78951767,https://www.fitx.de/fitnessstudios/berlin-suedkreuz,no,52.4781146,13.3646654,10881753305,node,OSM Overpass,
Sportstudio,fitness_centre,,,,Berlin,,,,unknown,52.5305105,13.5585447,10909471605,node,OSM Overpass,
Yogaschule Petersen,fitness_centre,Dortmunder Straße,6,10555.0,Berlin,,+49 30 39905483,http://www.yogaschule-petersen.de/,yes,52.5218757,13.3367913,10936515611,node,OSM Overpass,
BMVg Sportcontainer,fitness_centre,,,,Berlin,,,,unknown,52.5085275,13.3610272,10973845906,node,OSM Overpass,
Clever fit,fitness_centre,,,,Berlin,,,,unknown,52.4828083,13.6020198,10978245699,node,OSM Overpass,
Unknown Gym,fitness_centre,,,,Berlin,,,,unknown,52.4833807,13.6023922,10978245702,node,OSM Overpass,
Clever fit,fitness_centre,Walter-Friedrich-Straße,1,13125.0,Berlin,Mo-Fr 06:00-23:00; Sa-Su 09:00-20:00,+49 30 94399727,,yes,52.6340691,13.4966691,11010271941,node,OSM Overpass,
HIT BLN,fitness_centre,Ackerstraße,155,,Berlin,Mo-Fr 08:30-20:00; Sa 09:00-15:00,,,no,52.5310799,13.396507,11014339720,node,OSM Overpass,
Studio 108,fitness_centre,,,,Berlin,"""Terminvereinbarung per Mail""",,,unknown,52.5673491,13.3983889,11026581858,node,OSM Overpass,
BLN Athletics,fitness_centre,,,,Berlin,,,,unknown,52.5142111,13.4816451,11046023605,node,OSM Overpass,
B-touched Yoga by Bianca,fitness_centre,Königsbacher Zeile,23,13465.0,Berlin,,+49 (0)176 387 475 34,https://b-touched-yoga.com/,unknown,52.6402199,13.295109,11061882780,node,OSM Overpass,
EVOPE Performance Center,fitness_centre,Storkower Straße,105,10407.0,Berlin,,,https://evope.com/pages/gym-memberships,unknown,52.5365531,13.4507477,11107054359,node,OSM Overpass,
Sensing Yoga,fitness_centre,,,,Berlin,,,,unknown,52.5509589,13.3611178,11109294278,node,OSM Overpass,
Nature Womb,fitness_centre,Eppenbrunner Weg,30,12559.0,Berlin,"Mo,Th 07:45-21:30; Tu 07:45-20:30; We 09:15-20:30; Fr 07:45-22:00",,https://www.nature-womb.de/,unknown,52.4069695,13.6509908,11143206743,node,OSM Overpass,
Yogatribe,fitness_centre,Große Hamburger Straße,19A,,Berlin,,+493028883688,https://www.yogatribe.de/,unknown,52.5244747,13.3991704,11181712344,node,OSM Overpass,
John Reed Bötzow,fitness_centre,Saarbrücker Straße,4,10405.0,Berlin,Mo-Fr 06:00-23:00; Sa-Su 08:00-22:00,,https://johnreed.fitness/clubs/berlin-boetzow,no,52.5296219,13.4161686,11201598334,node,OSM Overpass,
Mrs. Sporty,fitness_centre,Rodenbergstraße,35,10439.0,Berlin,Mo-Su 06:00-22:00,32591933;017643499561,https://www.mrssporty.de/club/berlin-prenzlauerberg-rodenbergstrasse/,unknown,52.5503767,13.4189229,11211952137,node,OSM Overpass,
Holmes Place,fitness_centre,,,,Berlin,"Mo-Fr 06:30-23:00; Sa,Su 09:00-22:00",,,unknown,52.5054645,13.3752868,11227904749,node,OSM Overpass,
Abnehmen Im Liegen,fitness_centre,,,,Berlin,,,,unknown,52.5162056,13.3113031,11291360614,node,OSM Overpass,
House of Healing,yoga,Englische Straße,21,10587.0,Berlin,,+49 173 698 2729,https://www.houseofhealingberlin.com/,yes,52.5165806,13.332008,11350686359,node,OSM Overpass,
Fitbox,fitness_centre,,,,Berlin,Mo-Fr 09:00-20:00; Sa 09:00-16:00,,,unknown,52.5666674,13.410098,11433071264,node,OSM Overpass,
Shapesty,fitness_centre,Aaron-Bernstein-Platz,3,10117.0,Berlin,,,https://shapesty.de/,unknown,52.5250199,13.3905026,11506333461,node,OSM Overpass,
Berliner Pilates,fitness_centre,Schliemannstraße,34,10437.0,Berlin,Mo-Fr 08:00-20:30; Sa 09:00-15:00,,,unknown,52.5437298,13.4195372,11580611771,node,OSM Overpass,
Champions Fight-Gym,fitness_centre,,,,Berlin,,,,unknown,52.5421334,13.3782384,11607821257,node,OSM Overpass,
Pilates Studio,fitness_centre,,,,Berlin,,,,unknown,52.4773912,13.4213217,11613447903,node,OSM Overpass,
deen,fitness_centre,Rheinstraße,45-46,12161.0,Berlin,,,https://www.deen.de/,unknown,52.4665189,13.3305268,11635521514,node,OSM Overpass,
Every Damn Day Yoga,fitness_centre,,,,Berlin,,,,yes,52.5055523,13.4620033,11649758184,node,OSM Overpass,
Beat81,fitness_centre,Rosa-Luxemburg-Straße,17,,Berlin,,,,unknown,52.5250992,13.4102616,11662711559,node,OSM Overpass,
Astānga Yoga,fitness_centre,,,,Berlin,,,,yes,52.5301373,13.4145278,11668641549,node,OSM Overpass,
Casa Flow Studios,fitness_centre,,,,Berlin,,,,unknown,52.5042907,13.313386,11745362202,node,OSM Overpass,
Unknown Gym,fitness_centre,,,,Berlin,,,,unknown,52.4739737,13.4255688,11772015162,node,OSM Overpass,
Fitnesspoint BSM 07 e.V.,fitness_centre,,,,Berlin,Mo-Fr 08:30-22:00; Sa-Su 09:30-16:00,,,unknown,52.442082,13.5699096,11777929542,node,OSM Overpass,
EMS-Lounge Berlin-Köpenick,fitness_centre,,,,Berlin,Mo-Fr 08:30-20:30; Sa 09:00-16:00,,,unknown,52.4447344,13.575453,11809565378,node,OSM Overpass,
Club Athleten,fitness_centre,Gormannstraße,19A,,Berlin,,,https://clubathleten.de,no,52.5289783,13.4051593,11819554609,node,OSM Overpass,
Hale Now,fitness_centre,,,,Berlin,,,,unknown,52.5097635,13.4641108,11968290978,node,OSM Overpass,
JOHN REED Fitness,fitness_centre,,,,Berlin,,,,unknown,52.5279751,13.4548801,11986723745,node,OSM Overpass,
Mrs. Sporty,fitness_centre,,,,Berlin,,,,unknown,52.6172316,13.4887731,12022132930,node,OSM Overpass,
Junia Keitel Private Fitness & Health,fitness_centre,,,,Berlin,,,,unknown,52.5017687,13.2975313,12037528490,node,OSM Overpass,
Win Club CrossFit,fitness_centre,,,,Berlin,,+49 176 56865295,https://www.winclubcrossfit.com/,unknown,52.4542309,13.3261574,12040833981,node,OSM Overpass,
Saccinanda Yoga,fitness_centre,,,,Berlin,"""Öffnungszeiten je nach Kurs unterschiedlich""",,,no,52.5118274,13.4660189,12054497889,node,OSM Overpass,
Ashtanga Yoga Friedrichshain,fitness_centre,,,,Berlin,,,,unknown,52.5174967,13.4717572,12061024993,node,OSM Overpass,
Urban Gladiators,fitness_centre,Wilhelmstraße,14,10963.0,Berlin,,,https://www.urbangladiators.de,unknown,52.5021909,13.3884688,12077318269,node,OSM Overpass,
Abityoga,fitness_centre,Alt-Moabit,104,10559.0,Berlin,,,https://www.abityoga.de/,unknown,52.5246353,13.3477956,12081380958,node,OSM Overpass,
Clever fit,fitness_centre,,,,Berlin,Mo-Fr 06:00-23:00; Sa-Su 09:00-20:00,,,unknown,52.4053605,13.5281634,12100384382,node,OSM Overpass,
Beat81,fitness_centre,Brunnenstraße,10,10119.0,Berlin,,,,unknown,52.5313967,13.400813,12109977752,node,OSM Overpass,
Yoga School Berlin,fitness_centre,Hasenheide,8,,Berlin,,,,unknown,52.4875465,13.4224539,12118950894,node,OSM Overpass,
Beat81,fitness_centre,Zeughofstraße,20,10997.0,Berlin,,,,unknown,52.5001293,13.4333749,12121758700,node,OSM Overpass,
Sports Time,fitness_centre,,,,Berlin,,,https://www.sports-time.de/,unknown,52.4136446,13.4020443,12135555860,node,OSM Overpass,
Beat81,fitness_centre,Graefestraße,71,10967.0,Berlin,,,,unknown,52.4918439,13.4172189,12137673016,node,OSM Overpass,
Beat81,fitness_centre,Paul-Lincke-Ufer,19,10999.0,Berlin,,,,unknown,52.4936182,13.4302164,12143828853,node,OSM Overpass,
Beat81,fitness_centre,Christburger Straße,13,10405.0,Berlin,,,,unknown,52.5352302,13.4278622,12151358598,node,OSM Overpass,
Beat81,fitness_centre,Knaackstraße,87,10435.0,Berlin,,,,unknown,52.5386584,13.4147763,12151379486,node,OSM Overpass,
Beat81,fitness_centre,Schönhauser Allee,124,10437.0,Berlin,,,,no,52.5475092,13.4129289,12151406837,node,OSM Overpass,
Fitbox,fitness_centre,,,,Berlin,,,,unknown,52.5021498,13.3135007,12153282425,node,OSM Overpass,
Beyond,fitness_centre,Brunnenstraße,173,,Berlin,,+49 30 28035570,https://beyondbln.de,no,52.5328448,13.3985301,12160358671,node,OSM Overpass,
Yoga & Friends,fitness_centre,Hultschiner Damm,38,12623.0,Berlin,,+49 151 56103241,https://www.yogaandfriends-mahlsdorf.de/,unknown,52.4780892,13.6013425,12171125220,node,OSM Overpass,
Beat81,fitness_centre,Boxhagener Straße,77,10245.0,Berlin,,,,unknown,52.5078332,13.4695869,12174795144,node,OSM Overpass,
yogalila,sports_centre,,,,Berlin,,,,no,52.5381705,13.4216494,12180080938,node,OSM Overpass,
Boaré,fitness_centre,,,,Berlin,,,,unknown,52.5382095,13.4222244,12180104519,node,OSM Overpass,
energia,fitness_centre,,,,Berlin,,,,unknown,52.5117348,13.4587825,12183361380,node,OSM Overpass,
Flow Motion Studio Neukölln,fitness_centre,Glasower Straße,60,12051.0,Berlin,Mo-Fr 10:00-20:00,+491631985606,https://flowmotionstudio.de/,unknown,52.4646942,13.4404813,12203546736,node,OSM Overpass,
Yoga Bär Studio,fitness_centre,,,,Berlin,"""zu den Kursen""",,,unknown,52.4559706,13.5122716,12261125503,node,OSM Overpass,
Apollo Fitness World,fitness_centre,,,,Berlin,"Mo-Th 09:00-22:00; Fr 08:00-22:00; Sa, Su 10:00-17:00",,https://www.apollo-fitness-world.de/,unknown,52.5460194,13.4524314,12285966732,node,OSM Overpass,
Yoga Rebellion,fitness_centre,Gartenstraße,6,10115.0,Berlin,Mo-Su 08:00-22:00,+49 157 759 852 30,https://www.yogarebellion.com/,unknown,52.5297496,13.3925007,12287922533,node,OSM Overpass,
Kalaa Yoga Berlin,fitness_centre,Lychener Straße,47,,Berlin,,03021461529,https://www.kalaa-yoga-berlin.de,unknown,52.5442828,13.4179605,12329220489,node,OSM Overpass,
Sudor Taino Group Fitness Studio,fitness_centre,Berlin Turnpike,220,6037.0,Berlin,"Mo 05:30-06:30,16:30-19:00; Tu 07:00-19:00; We 05:30-06:30,16:30-19:00; Th 16:30-19:00; Fr 07:00-17:00; Sa 08:00-10:30; Su off",+1-860-952-9015,https://sudortaino.com/,unknown,41.6436461,-72.7333869,12329887404,node,OSM Overpass,
Aura Berlin Studio,fitness_centre,,,,Berlin,,,,unknown,52.5050261,13.3423099,12367443606,node,OSM Overpass,
Brooklyn Fitboxing,fitness_centre,Stromstraße,57,,Berlin,,,,unknown,52.5277006,13.3429972,12376124453,node,OSM Overpass,
Spree,fitness_centre,,,,Berlin,,,,unknown,52.5036823,13.4507511,12430038866,node,OSM Overpass,
Spreerelex,fitness_centre,,,,Berlin,Tu-Fr 11:00-22:00; Su 11:00-20:00,,,unknown,52.448502,13.6090544,12456266757,node,OSM Overpass,
WD Space,fitness_centre,,,,Berlin,,,,unknown,52.5335768,13.2971004,12519378569,node,OSM Overpass,
Die Yogapraxis,fitness_centre,Crellestraße,22,10827.0,Berlin,täglich,+49 151 44930425,https://www.die-yogapraxis.de/,unknown,52.4879664,13.3621517,12556828335,node,OSM Overpass,
Klub McFit,fitness_centre,,,,Berlin,"Mo-Fr 06:00-23:00; Sa,Su 08:00-22:00",,,unknown,52.5138996,13.4549117,12622719646,node,OSM Overpass,
O-Yoga,fitness_centre,,,,Berlin,"""Termine nach Vereinbarung""",,,unknown,52.4934119,13.3553739,12630500002,node,OSM Overpass,
Reha-Sport & Gesundheitstraining,fitness_centre,,,,Berlin,,,,unknown,52.5603629,13.4590803,12637232303,node,OSM Overpass,
soonsu,fitness_centre,,,,Berlin,Mo-Sa 09:00-21:00; Su 09:00-17:00,,https://www.soonsu.de/,unknown,52.5370799,13.4272654,12653267594,node,OSM Overpass,
OMNI Yoga,fitness_centre,Bergstraße,92,12169.0,Berlin,,,https://www.omniyogastudio.de/,unknown,52.4583235,13.3277669,12712890928,node,OSM Overpass,
AURUM Training,fitness_centre,,,,Berlin,Th-Fr 07:00-22:00; Mo-We 08:00-22:00; Sa-Su 09:00-17:00; PH unknown,,,limited,52.5235568,13.3864509,12752614827,node,OSM Overpass,
Lifted,fitness_centre,,,,Berlin,,,,unknown,52.5422291,13.4126207,12778956686,node,OSM Overpass,
Campusfit - HU GYM,fitness_centre,Hannoversche Straße,25,10115.0,Berlin,"Mo, We, Fr 07:00-12:00, 15:00-21:00; Tu, Th 10:00-21:00; Sa 10:00-14:00; Su 14:00-18:00",+49 30 209346111,https://www.hochschulsport.hu-berlin.de/de/campusfit-hu-gym,unknown,52.5262331,13.384476,12799947701,node,OSM Overpass,
Dawgz Life Muay Thai,fitness_centre,Flohrstraße,26,13507.0,Berlin,,,,unknown,52.57422,13.3020763,12839348801,node,OSM Overpass,
Mrs. Sporty,fitness_centre,Weimarer Straße,32,10625.0,Berlin,Mo-Su 06:00-22:00,+493035125042,https://www.mrssporty.de/club817,unknown,52.5083732,13.3114821,12856418771,node,OSM Overpass,
Spitfire,fitness_centre,Müllerstraße,46,13349.0,Berlin,Mo 08:30-22:00; Tu 09:00-22:00; We 08:30-22:00; Th 08:30-22:00; Fr 09:30-22:00; Sa 10:00-16:00; Su 10:00-16:00,,https://spitfire.berlin,unknown,52.5522858,13.3510675,12863105019,node,OSM Overpass,
Basic Fit,fitness_centre,,,,Berlin,,,https://www.basic-fit.de,unknown,52.5446515,13.3667652,12879156506,node,OSM Overpass,
Fit Factory,fitness_centre,,,,Berlin,,,,unknown,42.392564,-71.5982887,12954752592,node,OSM Overpass,
QP Fitness,fitness_centre,Oranienstraße,163,10969.0,Berlin,"Mo 10:00-20:00, Tu-Fr 12:00-20:00, Sa 11:30-12:30",,https://queerpowergymberlin.de/,unknown,52.5023465,13.414019,12957121256,node,OSM Overpass,
FitBox,fitness_centre,,,,Berlin,,,,unknown,52.4516702,13.3352619,12964220599,node,OSM Overpass,
Motions Gleisdreieck,fitness_centre,,36,10963.0,Berlin,,,https://www.motionsberlin.de/,unknown,52.5006633,13.3750353,13009510401,node,OSM Overpass,
Casa Flow,fitness_centre,Chausseestraße,13,,Berlin,,,,no,52.5291118,13.3855839,13141288538,node,OSM Overpass,
Holmes Place,fitness_centre,,,,Berlin,"Mo-Fr 06:30-23:00; PH,Sa-Su 09:00-21:00",,https://www.holmesplace.de/de-de/clubs/fitness.berlin-ostkreuz.php,yes,52.50458,13.4735483,27180861,way,OSM Overpass,
INJOY,fitness_centre,Kamenzer Damm,30,12249.0,Berlin,"Mo,We,Fr 10:00-22:00, Tu,Th 08:00-22:00, Sa,Su 10:00-17:00",,https://injoy-berlin-steglitz.de/,unknown,52.4332479,13.3558657,30094565,way,OSM Overpass,
FHC,fitness_centre,,,,Berlin,"Mo-Fr 09:00-22:00; Sa,Su 10:00-17:00; PH 10:00-14:00",,,unknown,52.4553556,13.5539873,42599524,way,OSM Overpass,
Dynamic Fitness World,fitness_centre,,,,Berlin,Mo-Fr 07:30-22:00; Sa 09:00-18:00; Su 09:00-17:00,+49307456041,,unknown,52.4014932,13.4133349,50013591,way,OSM Overpass,
Spannkraft,fitness_centre,Wilhelmstraße,23,13593.0,Berlin,,,,unknown,52.5207524,13.1867457,57821563,way,OSM Overpass,
New Evolution,fitness_centre,Elisabeth-Christinen-Straße,27,13156.0,Berlin,Mo-Fr 08:00-20:00; Sa 10:00-14:00,,,limited,52.5844805,13.4196374,60840562,way,OSM Overpass,
Argo Athletics,fitness_centre,,,,Berlin,,,,unknown,52.5646845,13.4098556,68808849,way,OSM Overpass,
Sportclub Grunewald,fitness_centre,,,,Berlin,Mo-Fr 07:00-22:00; Sa 10:00-20:00; Su 10:00-18:00,,,unknown,52.4907289,13.2774599,77691452,way,OSM Overpass,
Fitness Inform,fitness_centre,,,,Berlin,,,https://www.fitness-inform-berlin.de/,unknown,52.5481402,13.5669709,92317565,way,OSM Overpass,
Die Bewegungsebene,fitness_centre,Alt-Kaulsdorf,18,12621.0,Berlin,"Mo-Fr 09:45-20:45 ""geschätzte Öffnungszeiten""; PH off",+49 30 48638959,https://die-bewegungsebene.de/,unknown,52.5046976,13.5821677,101417144,way,OSM Overpass,
McFit,fitness_centre,,,,Berlin,24/7,,https://www.mcfit.com,no,52.4518469,13.4354592,110665978,way,OSM Overpass,
formwerk,fitness_centre,Hermsdorfer Damm,182,13467.0,Berlin,,+49 30 488 20 759,https://form-werk.de,unknown,52.6197083,13.3047612,113373796,way,OSM Overpass,
fourty fit healthclub,fitness_centre,Gardeschützenweg,57,12203.0,Berlin,,,,unknown,52.4470269,13.3083434,155466370,way,OSM Overpass,
JOHN REED Fitness,fitness_centre,Prenzlauer Allee,248-251,10405.0,Berlin,24/7,,,limited,52.5282784,13.4162947,161236100,way,OSM Overpass,
McFit,fitness_centre,Romain-Rolland-Straße,"30, 32",13089.0,Berlin,"Mo-Su,PH 00:00-24:00,00:00-24:00+",,,unknown,52.5655627,13.4440376,251630438,way,OSM Overpass,
Fitness Galerie Karow,fitness_centre,,,,Berlin,"Mo-Fr 08:00-24:00; Sa,Su,PH 08:00-12:00,16:00-20:00",+49 30 9413149,https://www.fitness-galerie-karow.com/,unknown,52.6181769,13.4738345,303606476,way,OSM Overpass,
Rialtoring 74,fitness_centre,Rialtoring,74,12589.0,Berlin,"Mi 10:00-11:30; Mi 17:30-19:00; Mi 19:30-21:00; Do 17:30-19:00, Fr 17:30-19:00",+49 15772021348,https://rialtoring74.de/,yes,52.4268207,13.704439,471110880,way,OSM Overpass,
Elixia,fitness_centre,Heidenauer Straße,26,12627.0,Berlin,"Mo-Fr 06:30-23:00; Sa,Su,PH 09:00-21:00",,,yes,52.5353988,13.607399,699440074,way,OSM Overpass,
Snap Fitness,fitness_centre,US-302,1400,5641.0,Barre,"Mo-Th 10:00-13:00,15:00-18:00; Fr 10:00-13:00",+18024760460,https://www.snapfitness.com/us/gyms/berlin-vt/,unknown,44.228022,-72.5516332,829779052,way,OSM Overpass,
Powerhouse Gym,fitness_centre,Webster Square Road,99,6037.0,Berlin,,,,unknown,41.6285905,-72.7471174,961727589,way,OSM Overpass,
Gold's Gym Fitnessstudio,fitness_centre,Paulsternstraße,22,13629.0,Berlin,06:00-24:00,,,yes,52.5411853,13.2491023,1012101364,way,OSM Overpass,
Zenna Wellness Studio - Yoga Studio,fitness_centre,Franklin Avenue,617,21811.0,Berlin,,,,unknown,38.3297266,-75.207928,1159272651,way,OSM Overpass,
Spirit Joga,fitness_centre,Goethestraße,2-3,10623.0,Berlin,,,,no,52.5089222,13.3236498,1413458990,way,OSM Overpass,
Unknown Gym,fitness_centre,,,,Berlin,,,,unknown,52.5299466,13.1588278,1427539730,way,OSM Overpass,
Pyramide Fitness World,fitness_centre,Alte Rhinstraße,16,12681.0,Berlin,Mo-Fr 08:00-22:00; Sa 09:00-16:00; Su 10:00-20:00,+49 30 54986401,https://www.pyramide-fitness-world.de/,unknown,52.5332187,13.5195225,332593,relation,OSM Overpass,
